from_node_id,to_node_id,cumulative_edge_flow,mean_monthly_edge_flow,active_months,cumulative_voyage_traversals
LNGN0328,CP006,370926663,6182111.05,60,1786
CP006,CP005,202681130,3378018.8333333335,60,975
CP005,CP011,135160979,2252682.9833333334,60,644
CP004,CP001,124463424,2109549.559322034,59,603
CP006,CP004,121713524,2062941.0847457626,59,587
CP002,CP022,89480746,1569837.649122807,57,526
CP001,CP008,78270310,1397684.107142857,56,363
LNGN0452,CP009,64898384,1081639.7333333334,60,379
CP015,CP020,62333600,1038893.3333333334,60,380
CP008,CP009,49851817,906396.6727272727,55,257
CP001,CP004,48459623,865350.4107142857,56,286
CP009,LNGN0097,48147148,859770.5,56,284
LNGN0452,LNGN0464,46832663,807459.7068965518,58,274
CP008,CP001,41842437,747186.375,56,247
CP011,CP017,41437825,812506.3725490196,51,208
CP009,LNGN0132,39901018,738907.7407407408,54,232
CP013,CP002,38581506,727952.9433962264,53,226
LNGN0142,CP015,36779645,634131.8103448276,58,222
LNGN0297,CP016,35690849,626155.245614035,57,260
CP008,LNGN0385,34241428,728541.0212765958,47,144
CP020,CP011,34030077,618728.6727272727,55,208
LNGN0345,CP009,33924194,665180.274509804,51,200
LNGN0261,CP007,32153311,554367.4310344828,58,206
CP009,LNGN0244,32112128,594669.0370370371,54,188
CP006,LNGN0130,31557211,606869.4423076923,52,196
CP009,LNGN0464,30764770,591630.1923076923,52,165
LNGN0345,CP008,30193205,569683.1132075472,53,177
LNGN0297,CP015,30095212,537414.5,56,184
LNGN0328,LNGN0008,29975256,788822.5263157894,38,145
CP005,CP014,29796308,541751.0545454546,55,163
CP011,LNGN0181,29617332,569564.0769230769,52,134
CP004,CP005,29458406,654631.2444444444,45,173
LNGN0452,CP008,26174039,623191.4047619047,42,154
CP017,LNGN0449,25944060,552001.2765957447,47,121
CP010,LNGN0474,25549571,491337.9038461539,52,134
CP007,CP019,24633924,456183.77777777775,54,155
CP005,LNGN0230,24101032,472569.2549019608,51,115
CP011,LNGN0319,23935964,520347.04347826086,46,109
LNGN0261,CP008,23382705,425140.0909090909,55,150
CP011,LNGN0314,23037317,490155.6808510638,47,114
LNGN0085,CP006,21824132,369900.5423728814,59,159
CP009,LNGN0144,21632757,540818.925,40,127
LNGN0070,CP009,21374840,577698.3783783783,37,124
LNGN0345,CP013,21264222,425284.44,50,126
CP006,LNGN0168,21059762,429791.0612244898,49,121
CP011,CP002,19195499,408414.87234042556,47,114
LNGN0070,CP008,18901094,393772.7916666667,48,110
LNGN0050,CP008,18231451,364629.02,50,108
CP017,LNGN0421,18123085,411888.29545454547,44,104
CP005,LNGN0195,18056777,392538.6304347826,46,95
CP009,LNGN0037,17208968,337430.7450980392,51,102
CP009,CP010,16520446,344175.9583333333,48,81
LNGN0261,LNGN0374,16339335,314217.98076923075,52,107
LNGN0441,CP016,16126568,343118.4680851064,47,99
LNGN0452,LNGN0132,15774008,303346.3076923077,52,92
CP006,LNGN0208,15560283,648345.125,24,63
CP016,LNGN0381,15341982,306839.64,50,100
CP011,LNGN0437,14940166,355718.2380952381,42,77
CP011,LNGN0398,14705170,326781.55555555556,45,102
CP001,LNGN0210,14693604,349847.71428571426,42,79
CP008,LNGN0121,14645948,340603.4418604651,43,88
CP014,LNGN0381,14210376,338342.28571428574,42,77
LNGN0142,CP016,13680145,350772.9487179487,39,83
CP016,LNGN0270,13448490,336212.25,40,88
CP008,LNGN0347,13439618,335990.45,40,82
LNGN0124,CP009,13002616,500100.6153846154,26,75
CP008,LNGN0056,12948814,308305.09523809527,42,80
CP010,LNGN0207,12796033,272256.02127659577,47,83
CP008,LNGN0186,12436923,414564.1,30,74
CP020,LNGN0463,11988033,285429.35714285716,42,73
LNGN0050,CP009,11954319,341551.97142857144,35,70
CP001,LNGN0121,11833371,369792.84375,32,56
LNGN0124,CP008,10818267,309093.34285714285,35,63
LNGN0441,CP015,10604524,252488.66666666666,42,65
LNGN0124,CP013,10581729,341346.0967741936,31,61
CP008,LNGN0035,10540383,277378.5,38,64
LNGN0050,CP002,10334750,258368.75,40,61
CP022,CP002,10233335,255833.375,40,60
CP005,LNGN0473,10187906,318372.0625,32,50
CP006,LNGN0008,10174061,363359.3214285714,28,63
LNGN0328,LNGN0191,9569304,382772.16,25,50
CP009,LNGN0100,9556011,502947.94736842107,19,56
CP008,LNGN0232,9244155,256782.08333333334,36,55
CP022,LNGN0181,9076787,266964.32352941175,34,54
CP011,LNGN0426,9058986,335518.0,27,39
LNGN0345,LNGN0385,9040083,393047.0869565217,23,53
CP008,LNGN0136,9015982,346768.53846153844,26,53
LNGN0166,CP010,9001471,290370.03225806454,31,60
CP022,LNGN0314,8847675,252790.7142857143,35,52
LNGN0026,LNGN0186,8708948,212413.36585365853,41,57
LNGN0261,LNGN0178,8603132,226398.2105263158,38,57
LNGN0026,LNGN0232,8552812,237578.11111111112,36,53
CP016,LNGN0460,8325881,225023.8108108108,37,56
CP015,LNGN0230,8246741,284370.3793103448,29,49
LNGN0026,LNGN0121,8192273,210058.28205128206,39,65
CP019,CP011,8172831,255400.96875,32,51
LNGN0345,CP011,8049452,236748.58823529413,34,48
LNGN0309,CP016,8011136,258423.74193548388,31,47
LNGN0452,LNGN0248,7688070,240252.1875,32,45
CP022,LNGN0040,7351000,216205.88235294117,34,42
LNGN0050,CP013,7283156,260112.7142857143,28,42
LNGN0124,CP002,7232062,278156.23076923075,26,42
CP020,LNGN0195,7150727,230668.61290322582,31,44
LNGN0345,CP010,7053091,227519.06451612903,31,42
CP013,CP017,6990464,258906.07407407407,27,41
CP016,LNGN0173,6866033,208061.60606060605,33,51
LNGN0026,CP008,6813048,243323.14285714287,28,42
CP014,LNGN0270,6693590,209174.6875,32,44
CP017,CP002,6666764,256414.0,26,39
LNGN0378,LNGN0121,6644000,179567.56756756757,37,88
LNGN0070,LNGN0374,6595540,219851.33333333334,30,38
LNGN0345,CP022,6573224,243452.74074074073,27,39
CP011,LNGN0040,6512114,250465.92307692306,26,42
CP022,LNGN0381,6511324,260452.96,25,38
LNGN0027,CP002,6489908,259596.32,25,39
CP022,LNGN0426,6465060,230895.0,28,38
CP008,LNGN0331,6446544,257861.76,25,39
LNGN0070,LNGN0385,6384970,319248.5,20,37
LNGN0070,CP011,6320563,217950.44827586206,29,38
CP011,LNGN0472,6284970,209499.0,30,37
CP005,LNGN0463,6257556,223484.14285714287,28,38
CP022,LNGN0463,6223581,222270.75,28,36
LNGN0027,CP008,6204522,221590.07142857142,28,38
LNGN0070,CP013,6119163,266050.5652173913,23,36
LNGN0166,CP009,6107865,203595.5,30,41
CP002,LNGN0324,5991661,230448.5,26,35
CP001,LNGN0035,5972893,229726.65384615384,26,36
CP016,LNGN0359,5896243,203318.72413793104,29,41
CP004,CP006,5821463,277212.5238095238,21,34
CP005,LNGN0238,5684743,355296.4375,16,29
CP008,LNGN0428,5657436,245975.47826086957,23,34
LNGN0452,LNGN0144,5301000,353400.0,15,31
LNGN0070,LNGN0178,5213000,217208.33333333334,24,30
LNGN0312,CP007,5209227,217051.125,24,32
CP007,LNGN0168,5116003,232545.5909090909,22,32
LNGN0261,LNGN0244,5012750,250637.5,20,34
CP004,LNGN0168,5007405,200296.2,25,30
CP002,LNGN0237,4936864,197474.56,25,29
LNGN0261,CP009,4935689,235032.80952380953,21,30
CP007,CP006,4800748,218215.81818181818,22,32
LNGN0274,CP005,4788242,239412.1,20,29
CP011,LNGN0363,4770395,265021.94444444444,18,25
CP022,LNGN0421,4758347,237917.35,20,28
LNGN0166,LNGN0132,4746578,182560.6923076923,26,33
LNGN0206,CP006,4661331,310755.4,15,27
CP022,LNGN0270,4652482,202281.8260869565,23,27
LNGN0322,CP018,4460990,193956.08695652173,23,27
LNGN0027,CP009,4434838,211182.7619047619,21,27
CP019,CP014,4336977,228261.94736842104,19,27
CP022,LNGN0460,4314190,227062.63157894736,19,25
LNGN0322,LNGN0363,4175000,198809.52380952382,21,25
CP005,LNGN0025,4057102,270473.4666666667,15,24
CP022,LNGN0230,4003872,210730.1052631579,19,23
CP022,LNGN0398,3851340,192567.0,20,25
LNGN0345,LNGN0244,3825118,212506.55555555556,18,22
CP015,CP005,3812048,254136.53333333333,15,23
LNGN0452,LNGN0374,3766400,188320.0,20,22
LNGN0345,CP002,3758648,221096.9411764706,17,22
LNGN0070,CP010,3750527,220619.23529411765,17,22
LNGN0026,CP001,3714101,247606.73333333334,15,22
LNGN0345,LNGN0374,3705260,176440.95238095237,21,23
LNGN0378,LNGN0278,3548500,136480.76923076922,26,47
LNGN0070,CP002,3541517,208324.5294117647,17,21
CP019,LNGN0230,3537408,221088.0,16,23
CP005,LNGN0175,3520575,234705.0,15,16
CP014,LNGN0460,3494940,205584.70588235295,17,19
CP014,LNGN0173,3466940,231129.33333333334,15,18
LNGN0050,LNGN0385,3436875,214804.6875,16,20
CP016,LNGN0170,3387689,199275.82352941178,17,21
LNGN0050,CP022,3206391,200399.4375,16,19
CP019,LNGN0463,3176627,186860.41176470587,17,21
CP011,LNGN0081,3176535,198533.4375,16,17
CP018,LNGN0463,3173000,186647.0588235294,17,19
CP016,LNGN0453,3159086,157954.3,20,22
CP020,LNGN0426,3088400,205893.33333333334,15,18
LNGN0085,LNGN0191,2991040,186940.0,16,22
LNGN0124,CP022,2931769,183235.5625,16,17
LNGN0070,CP022,2926885,209063.2142857143,14,17
LNGN0308,CP010,2926800,225138.46153846153,13,18
LNGN0052,CP007,2918200,171658.82352941178,17,18
LNGN0050,CP011,2891002,222384.76923076922,13,17
CP001,LNGN0186,2808740,200624.2857142857,14,14
LNGN0103,CP009,2800008,186667.2,15,17
CP001,LNGN0136,2794287,349285.875,8,13
LNGN0423,CP011,2770660,197904.2857142857,14,27
LNGN0026,LNGN0056,2750730,229227.5,12,17
LNGN0452,LNGN0178,2730873,195062.35714285713,14,16
LNGN0050,CP010,2717210,209016.15384615384,13,16
LNGN0345,LNGN0178,2711155,193653.92857142858,14,17
CP014,LNGN0170,2689972,244542.9090909091,11,15
LNGN0435,CP010,2634287,54880.979166666664,48,106
CP019,LNGN0195,2581167,198551.3076923077,13,16
LNGN0351,CP013,2557620,182687.14285714287,14,18
LNGN0050,LNGN0244,2506753,179053.7857142857,14,15
LNGN0166,CP008,2413467,185651.3076923077,13,16
CP007,LNGN0130,2396530,159768.66666666666,15,16
LNGN0452,LNGN0385,2393835,199486.25,12,14
LNGN0083,CP001,2387400,183646.15384615384,13,14
LNGN0124,LNGN0385,2372276,197689.66666666666,12,14
CP006,LNGN0251,2354363,214033.0,11,13
LNGN0142,LNGN0405,2337407,194783.91666666666,12,15
LNGN0345,LNGN0037,2315068,192922.33333333334,12,14
CP010,CP009,2306800,209709.0909090909,11,14
CP004,LNGN0079,2248418,187368.16666666666,12,13
CP004,LNGN0108,2238400,172184.61538461538,13,14
CP008,LNGN0098,2207203,200654.81818181818,11,13
LNGN0124,CP010,2206597,200599.72727272726,11,13
LNGN0027,LNGN0287,2202828,137676.75,16,16
LNGN0322,LNGN0173,2175000,181250.0,12,13
LNGN0026,LNGN0098,2156406,154029.0,14,14
CP002,LNGN0074,2152819,179401.58333333334,12,13
LNGN0103,CP008,2136836,164372.0,13,13
CP009,CP008,2136600,213660.0,10,13
LNGN0423,CP014,2106190,175515.83333333334,12,13
CP001,LNGN0232,2082792,347132.0,6,10
CP016,LNGN0199,2080364,160028.0,13,15
LNGN0166,LNGN0144,2074063,159543.3076923077,13,14
LNGN0027,LNGN0112,2055933,137062.2,15,15
LNGN0083,CP008,2049412,186310.18181818182,11,12
LNGN0083,LNGN0232,2046400,227377.77777777778,9,12
LNGN0052,CP009,2040000,226666.66666666666,9,12
CP005,LNGN0285,2015790,223976.66666666666,9,14
LNGN0322,LNGN0359,2008000,182545.45454545456,11,12
CP008,LNGN0210,1968899,164074.91666666666,12,12
CP010,LNGN0182,1957302,177936.54545454544,11,15
LNGN0039,CP020,1935822,175983.81818181818,11,14
LNGN0124,CP011,1934482,214942.44444444444,9,11
CP022,LNGN0449,1908417,212046.33333333334,9,11
CP016,LNGN0164,1901423,158451.91666666666,12,12
LNGN0274,CP004,1896900,210766.66666666666,9,11
LNGN0345,LNGN0248,1893240,157770.0,12,12
LNGN0345,CP024,1888000,209777.77777777778,9,11
CP001,LNGN0056,1887345,188734.5,10,10
LNGN0261,LNGN0037,1879886,187988.6,10,12
CP008,LNGN0294,1879799,208866.55555555556,9,11
LNGN0297,LNGN0405,1865022,186502.2,10,12
CP022,LNGN0195,1864506,233063.25,8,11
CP016,LNGN0463,1862615,232826.875,8,11
CP022,LNGN0359,1848813,184881.3,10,11
CP002,LNGN0291,1845580,167780.0,11,11
LNGN0026,LNGN0035,1830616,183061.6,10,12
CP016,LNGN0241,1808862,139143.23076923078,13,13
CP014,LNGN0359,1751528,194614.22222222222,9,9
CP022,LNGN0354,1746500,218312.5,8,10
CP014,LNGN0372,1745804,193978.22222222222,9,9
CP010,LNGN0464,1726783,59544.24137931035,29,60
CP022,LNGN0363,1724608,191623.11111111112,9,10
CP022,LNGN0472,1669600,185511.11111111112,9,10
CP001,LNGN0331,1657292,236756.0,7,8
LNGN0070,LNGN0102,1614000,201750.0,8,9
LNGN0070,LNGN0244,1561000,173444.44444444444,9,9
LNGN0345,LNGN0442,1538000,256333.33333333334,6,9
CP022,LNGN0437,1537471,219638.7142857143,7,9
LNGN0026,LNGN0347,1535419,170602.11111111112,9,10
CP021,LNGN0324,1517158,189644.75,8,9
CP019,LNGN0473,1510000,167777.77777777778,9,9
CP022,LNGN0156,1504925,188115.625,8,9
CP010,LNGN0250,1499588,166620.88888888888,9,9
CP005,LNGN0163,1490481,212925.85714285713,7,9
CP022,LNGN0173,1487215,185901.875,8,9
CP022,LNGN0258,1458420,162046.66666666666,9,9
CP015,LNGN0285,1445080,206440.0,7,9
CP020,LNGN0156,1423178,177897.25,8,9
CP016,LNGN0425,1405368,140536.8,10,10
CP022,LNGN0055,1398400,199771.42857142858,7,8
LNGN0288,CP002,1364713,227452.16666666666,6,8
LNGN0322,LNGN0381,1363000,170375.0,8,8
LNGN0378,LNGN0347,1359000,97071.42857142857,14,18
LNGN0101,CP001,1343833,191976.14285714287,7,8
LNGN0312,CP021,1343158,191879.7142857143,7,8
CP016,LNGN0426,1326521,165815.125,8,8
CP020,LNGN0473,1321840,188834.2857142857,7,8
CP005,LNGN0059,1309243,163655.375,8,8
CP015,LNGN0150,1295912,161989.0,8,8
LNGN0435,LNGN0427,1292907,26935.5625,48,71
LNGN0026,LNGN0278,1283500,142611.11111111112,9,17
LNGN0351,CP017,1282620,142513.33333333334,9,9
LNGN0027,LNGN0348,1269957,253991.4,5,8
CP007,LNGN0251,1245287,155660.875,8,8
CP020,LNGN0268,1244457,155557.125,8,9
CP008,LNGN0244,1228408,175486.85714285713,7,7
CP016,LNGN0429,1227489,153436.125,8,8
CP001,LNGN0347,1220268,203378.0,6,6
LNGN0309,CP005,1216000,243200.0,5,7
LNGN0083,LNGN0136,1203274,601637.0,2,7
CP014,LNGN0429,1202925,200487.5,6,7
LNGN0322,LNGN0460,1199900,171414.2857142857,7,7
CP002,CP024,1191040,238208.0,5,7
LNGN0083,LNGN0056,1189800,198300.0,6,7
CP022,LNGN0150,1181400,168771.42857142858,7,7
CP020,LNGN0163,1172409,167487.0,7,7
CP004,LNGN0251,1168062,166866.0,7,7
CP020,LNGN0354,1163988,193998.0,6,7
LNGN0261,LNGN0385,1161252,193542.0,6,7
CP013,LNGN0460,1160080,165725.7142857143,7,8
CP005,LNGN0150,1156880,165268.57142857142,7,7
CP002,CP013,1150373,191728.83333333334,6,7
LNGN0101,CP008,1150221,191703.5,6,7
LNGN0312,CP008,1128630,161232.85714285713,7,7
LNGN0085,LNGN0008,1110374,138796.75,8,8
CP006,LNGN0191,1106348,184391.33333333334,6,7
CP006,LNGN0079,1101253,157321.85714285713,7,8
CP011,LNGN0447,1093673,156239.0,7,7
LNGN0124,LNGN0442,1049400,174900.0,6,6
LNGN0274,LNGN0168,1041400,173566.66666666666,6,6
LNGN0124,LNGN0037,1041100,173516.66666666666,6,6
LNGN0070,LNGN0037,1040700,208140.0,5,6
LNGN0423,CP005,1040198,173366.33333333334,6,6
LNGN0423,LNGN0230,1040000,173333.33333333334,6,6
LNGN0027,LNGN0272,1036735,172789.16666666666,6,6
LNGN0274,LNGN0208,1035400,172566.66666666666,6,6
CP016,LNGN0181,1033400,172233.33333333334,6,6
LNGN0345,LNGN0076,1026835,256708.75,4,6
LNGN0322,LNGN0270,1022673,170445.5,6,6
CP024,LNGN0362,1006800,167800.0,6,6
CP022,LNGN0081,999234,199846.8,5,6
LNGN0027,LNGN0374,997100,166183.33333333334,6,6
LNGN0312,CP009,985315,164219.16666666666,6,6
CP004,LNGN0130,977946,162991.0,6,6
CP018,LNGN0195,955490,159248.33333333334,6,6
CP006,LNGN0108,907100,181420.0,5,6
LNGN0261,LNGN0248,886400,147733.33333333334,6,6
CP022,LNGN0319,865717,173143.4,5,5
LNGN0166,LNGN0464,864000,172800.0,5,5
LNGN0083,LNGN0035,861200,172240.0,5,5
LNGN0027,LNGN0385,858000,171600.0,5,5
LNGN0322,LNGN0314,857000,171400.0,5,5
LNGN0351,CP011,855000,213750.0,4,6
LNGN0050,LNGN0037,851474,170294.8,5,5
LNGN0103,LNGN0385,850000,170000.0,5,5
LNGN0083,LNGN0186,849000,212250.0,4,5
CP016,LNGN0314,847800,169560.0,5,5
LNGN0103,CP023,846000,169200.0,5,5
CP004,LNGN0208,844723,168944.6,5,5
CP008,LNGN0374,836920,167384.0,5,5
LNGN0378,LNGN0035,831200,83120.0,10,10
LNGN0312,LNGN0037,826313,165262.6,5,5
CP008,LNGN0178,826256,165251.2,5,5
LNGN0052,CP008,823000,164600.0,5,5
CP009,LNGN0442,821617,164323.4,5,5
CP020,LNGN0175,819948,163989.6,5,5
CP022,LNGN0272,816397,204099.25,4,5
LNGN0423,LNGN0285,813490,73953.63636363637,11,14
CP011,LNGN0195,810062,162012.4,5,5
LNGN0435,LNGN0044,799504,31980.16,25,40
CP016,LNGN0372,793097,198274.25,4,5
CP013,LNGN0270,720000,180000.0,4,5
CP016,LNGN0143,696000,174000.0,4,4
CP022,LNGN0307,696000,174000.0,4,4
CP022,LNGN0170,689082,172270.5,4,4
LNGN0322,CP017,689000,172250.0,4,4
CP010,LNGN0132,688907,98415.28571428571,7,7
CP016,CP011,688000,172000.0,4,4
LNGN0050,LNGN0076,687686,171921.5,4,4
CP023,CP002,686000,171500.0,4,4
CP002,CP023,683673,170918.25,4,4
CP022,LNGN0473,682000,170500.0,4,4
CP011,LNGN0354,681800,170450.0,4,4
LNGN0103,LNGN0100,681520,170380.0,4,4
LNGN0308,LNGN0182,680800,170200.0,4,4
LNGN0378,LNGN0331,679500,75500.0,9,9
LNGN0027,LNGN0055,678900,339450.0,2,4
CP013,LNGN0381,677540,169385.0,4,5
CP024,LNGN0385,674520,224840.0,3,4
LNGN0142,LNGN0168,670015,167503.75,4,4
CP007,LNGN0079,668600,167150.0,4,4
LNGN0083,LNGN0428,666548,222182.66666666666,3,4
LNGN0083,LNGN0121,658874,164718.5,4,4
CP022,LNGN0372,650000,162500.0,4,4
CP014,LNGN0382,649400,216466.66666666666,3,3
LNGN0180,CP016,630000,210000.0,3,4
LNGN0441,LNGN0405,620178,206726.0,3,4
CP008,LNGN0087,615675,153918.75,4,4
CP007,LNGN0108,598682,149670.5,4,4
CP001,LNGN0428,595120,148780.0,4,4
CP010,LNGN0222,592783,26944.68181818182,22,31
CP011,LNGN0293,585000,65000.0,9,13
LNGN0351,LNGN0156,540000,135000.0,4,4
LNGN0351,LNGN0181,540000,135000.0,4,4
LNGN0423,LNGN0195,528000,88000.0,6,6
LNGN0050,LNGN0248,527400,175800.0,3,3
LNGN0050,LNGN0178,526800,175600.0,3,3
LNGN0070,LNGN0076,525772,175257.33333333334,3,3
CP022,LNGN0175,525000,175000.0,3,3
LNGN0070,LNGN0248,525000,175000.0,3,3
LNGN0261,LNGN0272,522000,174000.0,3,3
LNGN0027,LNGN0076,522000,174000.0,3,3
LNGN0101,LNGN0186,522000,174000.0,3,3
LNGN0052,LNGN0037,522000,174000.0,3,3
LNGN0050,LNGN0045,521400,173800.0,3,3
CP008,LNGN0037,521400,173800.0,3,3
CP012,LNGN0253,520800,260400.0,2,3
LNGN0423,LNGN0463,520000,173333.33333333334,3,3
CP002,LNGN0437,516000,172000.0,3,3
LNGN0124,LNGN0244,514000,171333.33333333334,3,3
CP022,LNGN0059,513800,171266.66666666666,3,3
LNGN0026,LNGN0294,513000,171000.0,3,3
LNGN0297,CP004,513000,171000.0,3,3
CP002,CP011,511062,170354.0,3,3
LNGN0103,CP002,510000,170000.0,3,3
LNGN0050,LNGN0442,503900,167966.66666666666,3,3
LNGN0101,LNGN0136,502000,167333.33333333334,3,3
CP001,LNGN0006,499148,166382.66666666666,3,3
CP024,LNGN0109,494000,164666.66666666666,3,3
LNGN0050,CP024,493800,164600.0,3,3
LNGN0026,LNGN0428,491264,163754.66666666666,3,3
LNGN0026,LNGN0136,487717,162572.33333333334,3,3
CP002,LNGN0004,486158,162052.66666666666,3,3
LNGN0101,LNGN0428,485579,161859.66666666666,3,3
CP007,LNGN0208,474964,158321.33333333334,3,3
CP011,LNGN0156,464500,154833.33333333334,3,3
LNGN0103,CP010,461276,153758.66666666666,3,3
LNGN0378,LNGN0056,453000,75500.0,6,6
LNGN0166,LNGN0178,437028,145676.0,3,3
LNGN0166,LNGN0442,428130,214065.0,2,3
CP016,LNGN0174,417977,139325.66666666666,3,3
CP020,LNGN0190,414819,138273.0,3,3
LNGN0124,LNGN0248,360000,180000.0,2,2
CP022,LNGN0109,354000,177000.0,2,2
CP001,LNGN0098,350000,175000.0,2,2
CP022,LNGN0163,350000,175000.0,2,2
CP022,LNGN0174,348000,174000.0,2,2
CP024,LNGN0148,348000,174000.0,2,2
CP022,LNGN0429,348000,174000.0,2,2
CP024,LNGN0031,348000,174000.0,2,2
CP004,LNGN0391,348000,348000.0,1,2
CP013,LNGN0081,347673,173836.5,2,2
CP019,LNGN0268,347400,173700.0,2,2
CP023,LNGN0272,347400,173700.0,2,2
CP011,CP012,346800,173400.0,2,2
CP004,CP019,346800,173400.0,2,2
CP022,LNGN0148,346717,173358.5,2,2
LNGN0142,LNGN0208,345400,172700.0,2,2
CP024,CP009,344520,172260.0,2,2
LNGN0103,CP024,344000,172000.0,2,2
CP024,LNGN0258,344000,172000.0,2,2
LNGN0322,LNGN0426,341000,170500.0,2,2
CP024,LNGN0287,340000,340000.0,1,2
LNGN0050,LNGN0374,340000,170000.0,2,2
LNGN0013,LNGN0442,340000,170000.0,2,2
LNGN0309,LNGN0230,340000,170000.0,2,2
LNGN0309,LNGN0285,340000,170000.0,2,2
CP019,LNGN0150,338000,169000.0,2,2
CP022,LNGN0362,335000,167500.0,2,2
LNGN0101,LNGN0121,334813,167406.5,2,2
LNGN0124,LNGN0045,334000,167000.0,2,2
CP016,CP017,334000,167000.0,2,2
LNGN0423,CP012,334000,167000.0,2,2
CP022,LNGN0290,333800,166900.0,2,2
LNGN0083,LNGN0098,333800,166900.0,2,2
CP008,CP024,331062,165531.0,2,2
CP024,CP002,331062,165531.0,2,2
LNGN0322,LNGN0382,331000,165500.0,2,2
LNGN0261,CP002,329274,164637.0,2,2
CP001,LNGN0017,329000,164500.0,2,2
CP019,LNGN0163,327000,163500.0,2,2
CP008,LNGN0076,324800,162400.0,2,2
CP011,LNGN0473,324000,162000.0,2,2
LNGN0166,LNGN0374,319208,159604.0,2,2
CP013,LNGN0181,315000,157500.0,2,2
LNGN0166,LNGN0385,313894,156947.0,2,2
LNGN0274,CP006,310000,155000.0,2,2
CP016,LNGN0382,309948,154974.0,2,2
LNGN0083,LNGN0294,309000,154500.0,2,2
CP016,LNGN0212,307430,153715.0,2,2
CP019,LNGN0175,305914,152957.0,2,2
LNGN0308,LNGN0165,305473,152736.5,2,2
CP006,LNGN0391,303500,151750.0,2,2
CP011,LNGN0463,300000,150000.0,2,2
CP001,LNGN0294,297402,148701.0,2,2
LNGN0261,LNGN0287,280926,140463.0,2,2
CP020,CP005,276546,138273.0,2,2
LNGN0351,LNGN0081,275080,137540.0,2,2
CP011,LNGN0059,270000,270000.0,1,2
LNGN0351,LNGN0319,270000,135000.0,2,2
LNGN0334,LNGN0222,258845,21570.416666666668,12,13
CP010,LNGN0122,245814,22346.727272727272,11,12
LNGN0378,CP008,226500,75500.0,3,3
LNGN0026,LNGN0331,226500,75500.0,3,3
LNGN0435,LNGN0207,222845,37140.833333333336,6,9
LNGN0334,CP010,219752,24416.88888888889,9,10
LNGN0070,LNGN0442,180000,180000.0,1,1
LNGN0103,LNGN0076,180000,180000.0,1,1
LNGN0103,LNGN0178,180000,180000.0,1,1
LNGN0435,LNGN0299,180000,30000.0,6,10
LNGN0312,LNGN0374,180000,180000.0,1,1
CP020,LNGN0059,175000,175000.0,1,1
CP005,CP006,174198,174198.0,1,1
CP014,LNGN0199,174000,174000.0,1,1
CP006,CP019,174000,174000.0,1,1
CP002,LNGN0359,174000,174000.0,1,1
LNGN0423,LNGN0156,174000,174000.0,1,1
LNGN0261,CP021,174000,174000.0,1,1
CP005,LNGN0143,174000,174000.0,1,1
CP015,LNGN0268,174000,174000.0,1,1
CP011,LNGN0364,174000,174000.0,1,1
LNGN0013,CP008,174000,174000.0,1,1
LNGN0083,LNGN0210,174000,174000.0,1,1
LNGN0142,CP006,174000,174000.0,1,1
CP023,LNGN0243,174000,174000.0,1,1
LNGN0083,LNGN0347,174000,174000.0,1,1
LNGN0027,LNGN0037,174000,174000.0,1,1
LNGN0083,LNGN0331,174000,174000.0,1,1
LNGN0069,CP005,174000,174000.0,1,1
LNGN0050,LNGN0219,174000,174000.0,1,1
LNGN0101,LNGN0035,174000,174000.0,1,1
LNGN0075,CP023,174000,174000.0,1,1
LNGN0052,LNGN0178,174000,174000.0,1,1
CP022,LNGN0453,174000,174000.0,1,1
LNGN0288,CP011,174000,174000.0,1,1
LNGN0274,LNGN0391,174000,174000.0,1,1
CP019,LNGN0143,174000,174000.0,1,1
CP019,LNGN0059,174000,174000.0,1,1
LNGN0345,LNGN0344,174000,174000.0,1,1
LNGN0345,LNGN0045,174000,174000.0,1,1
CP007,CP005,174000,174000.0,1,1
CP008,LNGN0055,174000,174000.0,1,1
CP023,LNGN0429,174000,174000.0,1,1
LNGN0138,CP018,174000,174000.0,1,1
LNGN0166,CP023,174000,174000.0,1,1
CP016,LNGN0473,174000,174000.0,1,1
LNGN0322,LNGN0181,174000,174000.0,1,1
CP016,LNGN0291,174000,174000.0,1,1
CP018,LNGN0143,174000,174000.0,1,1
LNGN0274,LNGN0251,174000,174000.0,1,1
CP023,LNGN0348,173673,173673.0,1,1
CP019,LNGN0190,173400,173400.0,1,1
LNGN0345,LNGN0219,173400,173400.0,1,1
CP008,CP023,173400,173400.0,1,1
LNGN0103,LNGN0037,173400,173400.0,1,1
LNGN0013,CP009,173400,173400.0,1,1
CP023,LNGN0270,172000,172000.0,1,1
CP024,CP008,172000,172000.0,1,1
LNGN0288,LNGN0291,172000,172000.0,1,1
CP007,LNGN0391,172000,172000.0,1,1
CP005,LNGN0391,172000,172000.0,1,1
CP013,LNGN0426,172000,172000.0,1,1
LNGN0261,LNGN0258,172000,172000.0,1,1
LNGN0288,LNGN0359,172000,172000.0,1,1
LNGN0288,CP013,172000,172000.0,1,1
CP015,LNGN0115,172000,172000.0,1,1
CP009,LNGN0374,170200,170200.0,1,1
CP013,LNGN0319,170000,170000.0,1,1
LNGN0261,LNGN0076,170000,170000.0,1,1
CP022,CP013,170000,170000.0,1,1
CP016,LNGN0175,170000,170000.0,1,1
LNGN0309,CP004,170000,170000.0,1,1
LNGN0288,LNGN0324,170000,170000.0,1,1
LNGN0206,LNGN0008,170000,170000.0,1,1
LNGN0013,LNGN0385,170000,170000.0,1,1
LNGN0124,LNGN0374,170000,170000.0,1,1
LNGN0013,LNGN0076,170000,170000.0,1,1
LNGN0013,CP002,170000,170000.0,1,1
LNGN0378,LNGN0098,170000,170000.0,1,1
CP005,CP004,170000,170000.0,1,1
CP002,LNGN0173,167062,167062.0,1,1
LNGN0322,LNGN0199,167000,167000.0,1,1
CP018,LNGN0175,167000,167000.0,1,1
LNGN0274,LNGN0130,166000,166000.0,1,1
CP018,LNGN0230,165500,165500.0,1,1
LNGN0423,LNGN0426,165500,165500.0,1,1
CP022,LNGN0212,165000,165000.0,1,1
CP013,LNGN0040,164000,164000.0,1,1
CP023,CP011,164000,164000.0,1,1
LNGN0101,LNGN0331,164000,164000.0,1,1
CP009,LNGN0219,162942,162942.0,1,1
CP014,LNGN0453,160000,160000.0,1,1
CP012,LNGN0425,160000,160000.0,1,1
LNGN0166,LNGN0076,160000,160000.0,1,1
CP023,LNGN0055,160000,160000.0,1,1
LNGN0027,LNGN0307,160000,160000.0,1,1
LNGN0261,LNGN0055,160000,160000.0,1,1
LNGN0180,LNGN0405,160000,160000.0,1,1
LNGN0101,LNGN0347,160000,160000.0,1,1
LNGN0103,LNGN0109,160000,160000.0,1,1
LNGN0027,LNGN0361,159800,159800.0,1,1
LNGN0027,LNGN0178,159700,159700.0,1,1
LNGN0166,CP024,159274,159274.0,1,1
CP024,LNGN0055,159274,159274.0,1,1
LNGN0027,LNGN0362,155000,155000.0,1,1
LNGN0013,CP024,155000,155000.0,1,1
CP016,LNGN0472,155000,155000.0,1,1
LNGN0166,LNGN0112,154880,154880.0,1,1
LNGN0351,LNGN0212,150000,150000.0,1,1
LNGN0351,LNGN0199,150000,150000.0,1,1
LNGN0351,LNGN0425,150000,150000.0,1,1
LNGN0351,LNGN0314,150000,150000.0,1,1
LNGN0166,LNGN0045,147208,147208.0,1,1
CP022,LNGN0262,138000,138000.0,1,1
CP002,LNGN0381,138000,138000.0,1,1
CP005,LNGN0176,135000,135000.0,1,1
CP010,LNGN0044,127876,21312.666666666668,6,6
LNGN0423,LNGN0175,45000,45000.0,1,1
LNGN0423,LNGN0176,45000,45000.0,1,1
LNGN0423,LNGN0163,45000,45000.0,1,1
LNGN0435,LNGN0165,22969,22969.0,1,1
LNGN0334,LNGN0122,22969,22969.0,1,1
