period_month,chokepoint_id,outgoing_cp_flow,incoming_cp_flow,chokepoint_throughput,flow_imbalance
2020-01-01,CP001,1750386,1750386,1750386.0,0
2020-01-01,CP002,1851120,1851120,1851120.0,0
2020-01-01,CP004,1750386,1750386,1750386.0,0
2020-01-01,CP005,3061938,3061938,3061938.0,0
2020-01-01,CP006,5600353,5600353,5600353.0,0
2020-01-01,CP007,515000,515000,515000.0,0
2020-01-01,CP008,2777177,2777177,2777177.0,0
2020-01-01,CP009,1390178,1390178,1390178.0,0
2020-01-01,CP010,437175,437175,437175.0,0
2020-01-01,CP011,3154833,3154833,3154833.0,0
2020-01-01,CP013,678000,678000,678000.0,0
2020-01-01,CP014,778620,778620,778620.0,0
2020-01-01,CP015,961097,961097,961097.0,0
2020-01-01,CP016,1140046,1140046,1140046.0,0
2020-01-01,CP017,856398,856398,856398.0,0
2020-01-01,CP018,167000,167000,167000.0,0
2020-01-01,CP019,170000,170000,170000.0,0
2020-01-01,CP020,808615,808615,808615.0,0
2020-01-01,CP022,1677120,1677120,1677120.0,0
2020-02-01,CP001,2670527,2670527,2670527.0,0
2020-02-01,CP002,1322874,1322874,1322874.0,0
2020-02-01,CP004,2670527,2670527,2670527.0,0
2020-02-01,CP005,1918600,1918600,1918600.0,0
2020-02-01,CP006,5491253,5491253,5491253.0,0
2020-02-01,CP007,823400,823400,823400.0,0
2020-02-01,CP008,2705335,2705335,2705335.0,0
2020-02-01,CP009,2134237,2134237,2134237.0,0
2020-02-01,CP010,285371,285371,285371.0,0
2020-02-01,CP011,2538322,2538322,2538322.0,0
2020-02-01,CP013,174000,174000,174000.0,0
2020-02-01,CP014,602200,602200,602200.0,0
2020-02-01,CP015,832948,832948,832948.0,0
2020-02-01,CP016,1293003,1293003,1293003.0,0
2020-02-01,CP017,760948,760948,760948.0,0
2020-02-01,CP019,673800,673800,673800.0,0
2020-02-01,CP020,659948,659948,659948.0,0
2020-02-01,CP022,1322874,1322874,1322874.0,0
2020-03-01,CP001,2869975,2869975,2869975.0,0
2020-03-01,CP002,1217082,1217082,1217082.0,0
2020-03-01,CP004,2869975,2869975,2869975.0,0
2020-03-01,CP005,1808700,1808700,1808700.0,0
2020-03-01,CP006,5520675,5520675,5520675.0,0
2020-03-01,CP007,475926,475926,475926.0,0
2020-03-01,CP008,2149468,2149468,2149468.0,0
2020-03-01,CP009,2581044,2581044,2581044.0,0
2020-03-01,CP010,364100,364100,364100.0,0
2020-03-01,CP011,2375648,2375648,2375648.0,0
2020-03-01,CP013,514082,514082,514082.0,0
2020-03-01,CP014,216000,216000,216000.0,0
2020-03-01,CP015,641906,641906,641906.0,0
2020-03-01,CP016,1197618,1197618,1197618.0,0
2020-03-01,CP017,515082,515082,515082.0,0
2020-03-01,CP018,332500,332500,332500.0,0
2020-03-01,CP019,330000,330000,330000.0,0
2020-03-01,CP020,641906,641906,641906.0,0
2020-03-01,CP022,1217082,1217082,1217082.0,0
2020-04-01,CP001,3329836,3329836,3329836.0,0
2020-04-01,CP002,1701212,1701212,1701212.0,0
2020-04-01,CP004,3329836,3329836,3329836.0,0
2020-04-01,CP005,1816270,1816270,1816270.0,0
2020-04-01,CP006,6112660,6112660,6112660.0,0
2020-04-01,CP007,174000,174000,174000.0,0
2020-04-01,CP008,3895138,3895138,3895138.0,0
2020-04-01,CP009,2718648,2718648,2718648.0,0
2020-04-01,CP010,363208,363208,363208.0,0
2020-04-01,CP011,3440464,3440464,3440464.0,0
2020-04-01,CP013,1198212,1198212,1198212.0,0
2020-04-01,CP014,180000,180000,180000.0,0
2020-04-01,CP015,1644352,1644352,1644352.0,0
2020-04-01,CP016,551996,551996,551996.0,0
2020-04-01,CP017,1206164,1206164,1206164.0,0
2020-04-01,CP019,174000,174000,174000.0,0
2020-04-01,CP020,1644352,1644352,1644352.0,0
2020-04-01,CP022,1838892,1838892,1838892.0,0
2020-05-01,CP001,4847095,4847095,4847095.0,0
2020-05-01,CP002,1561000,1561000,1561000.0,0
2020-05-01,CP004,4692095,4692095,4692095.0,0
2020-05-01,CP005,2032458,2032458,2032458.0,0
2020-05-01,CP006,7031119,7031119,7031119.0,0
2020-05-01,CP007,324000,324000,324000.0,0
2020-05-01,CP008,3514809,3514809,3514809.0,0
2020-05-01,CP009,2303959,2303959,2303959.0,0
2020-05-01,CP010,905712,905712,905712.0,0
2020-05-01,CP011,3013770,3013770,3013770.0,0
2020-05-01,CP013,514000,514000,514000.0,0
2020-05-01,CP014,135000,135000,135000.0,0
2020-05-01,CP015,1477852,1477852,1477852.0,0
2020-05-01,CP016,1025861,1025861,1025861.0,0
2020-05-01,CP017,821500,821500,821500.0,0
2020-05-01,CP019,324000,324000,324000.0,0
2020-05-01,CP020,1313852,1313852,1313852.0,0
2020-05-01,CP022,1561000,1561000,1561000.0,0
2020-06-01,CP001,4227541,4227541,4227541.0,0
2020-06-01,CP002,859894,859894,859894.0,0
2020-06-01,CP004,4227541,4227541,4227541.0,0
2020-06-01,CP005,2759160,2759160,2759160.0,0
2020-06-01,CP006,7446726,7446726,7446726.0,0
2020-06-01,CP007,838890,838890,838890.0,0
2020-06-01,CP008,3304038,3304038,3304038.0,0
2020-06-01,CP009,1654668,1654668,1654668.0,0
2020-06-01,CP010,302088,302088,302088.0,0
2020-06-01,CP011,1432035,1432035,1432035.0,0
2020-06-01,CP013,679812,679812,679812.0,0
2020-06-01,CP014,915740,915740,915740.0,0
2020-06-01,CP015,481615,481615,481615.0,0
2020-06-01,CP016,1023873,1023873,1023873.0,0
2020-06-01,CP017,591615,591615,591615.0,0
2020-06-01,CP018,167000,167000,167000.0,0
2020-06-01,CP019,679190,679190,679190.0,0
2020-06-01,CP020,481615,481615,481615.0,0
2020-06-01,CP022,859894,859894,859894.0,0
2020-07-01,CP001,2819255,2819255,2819255.0,0
2020-07-01,CP002,698000,698000,698000.0,0
2020-07-01,CP004,2819255,2819255,2819255.0,0
2020-07-01,CP005,2712450,2712450,2712450.0,0
2020-07-01,CP006,5632265,5632265,5632265.0,0
2020-07-01,CP008,2606808,2606808,2606808.0,0
2020-07-01,CP009,1353308,1353308,1353308.0,0
2020-07-01,CP010,530188,530188,530188.0,0
2020-07-01,CP011,1761098,1761098,1761098.0,0
2020-07-01,CP013,348000,348000,348000.0,0
2020-07-01,CP014,355852,355852,355852.0,0
2020-07-01,CP015,474648,474648,474648.0,0
2020-07-01,CP016,1088996,1088996,1088996.0,0
2020-07-01,CP017,588000,588000,588000.0,0
2020-07-01,CP020,319700,319700,319700.0,0
2020-07-01,CP022,528000,528000,528000.0,0
2020-07-01,CP024,159274,159274,159274.0,0
2020-08-01,CP001,2885510,2885510,2885510.0,0
2020-08-01,CP002,695000,695000,695000.0,0
2020-08-01,CP004,2885510,2885510,2885510.0,0
2020-08-01,CP005,3002523,3002523,3002523.0,0
2020-08-01,CP006,5841410,5841410,5841410.0,0
2020-08-01,CP007,145952,145952,145952.0,0
2020-08-01,CP008,2291918,2291918,2291918.0,0
2020-08-01,CP009,1242948,1242948,1242948.0,0
2020-08-01,CP010,889700,889700,889700.0,0
2020-08-01,CP011,1710650,1710650,1710650.0,0
2020-08-01,CP013,174000,174000,174000.0,0
2020-08-01,CP014,427168,427168,427168.0,0
2020-08-01,CP015,955097,955097,955097.0,0
2020-08-01,CP016,993285,993285,993285.0,0
2020-08-01,CP017,167000,167000,167000.0,0
2020-08-01,CP020,955097,955097,955097.0,0
2020-08-01,CP021,172000,172000,172000.0,0
2020-08-01,CP022,521000,521000,521000.0,0
2020-08-01,CP023,174000,174000,174000.0,0
2020-09-01,CP001,3041820,3041820,3041820.0,0
2020-09-01,CP002,1475122,1475122,1475122.0,0
2020-09-01,CP004,3041820,3041820,3041820.0,0
2020-09-01,CP005,3197198,3197198,3197198.0,0
2020-09-01,CP006,4404652,4404652,4404652.0,0
2020-09-01,CP007,340000,340000,340000.0,0
2020-09-01,CP008,3540520,3540520,3540520.0,0
2020-09-01,CP009,760300,760300,760300.0,0
2020-09-01,CP010,374428,374428,374428.0,0
2020-09-01,CP011,2032498,2032498,2032498.0,0
2020-09-01,CP013,1141122,1141122,1141122.0,0
2020-09-01,CP014,1342700,1342700,1342700.0,0
2020-09-01,CP015,486000,486000,486000.0,0
2020-09-01,CP016,984618,984618,984618.0,0
2020-09-01,CP017,872048,872048,872048.0,0
2020-09-01,CP019,340000,340000,340000.0,0
2020-09-01,CP020,486000,486000,486000.0,0
2020-09-01,CP022,1475122,1475122,1475122.0,0
2020-10-01,CP001,1292822,1292822,1292822.0,0
2020-10-01,CP002,2272672,2272672,2272672.0,0
2020-10-01,CP004,1292822,1292822,1292822.0,0
2020-10-01,CP005,2970163,2970163,2970163.0,0
2020-10-01,CP006,3833257,3833257,3833257.0,0
2020-10-01,CP007,311300,311300,311300.0,0
2020-10-01,CP008,2027322,2027322,2027322.0,0
2020-10-01,CP009,1676038,1676038,1676038.0,0
2020-10-01,CP010,752296,752296,752296.0,0
2020-10-01,CP011,3299431,3299431,3299431.0,0
2020-10-01,CP013,1182000,1182000,1182000.0,0
2020-10-01,CP014,217000,217000,217000.0,0
2020-10-01,CP015,522000,522000,522000.0,0
2020-10-01,CP016,1021925,1021925,1021925.0,0
2020-10-01,CP017,1350852,1350852,1350852.0,0
2020-10-01,CP019,137300,137300,137300.0,0
2020-10-01,CP020,522000,522000,522000.0,0
2020-10-01,CP022,2447672,2447672,2447672.0,0
2020-11-01,CP001,1242474,1242474,1242474.0,0
2020-11-01,CP002,2697366,2697366,2697366.0,0
2020-11-01,CP004,1242474,1242474,1242474.0,0
2020-11-01,CP005,2091200,2091200,2091200.0,0
2020-11-01,CP006,2681890,2681890,2681890.0,0
2020-11-01,CP007,659700,659700,659700.0,0
2020-11-01,CP008,1164874,1164874,1164874.0,0
2020-11-01,CP009,1361400,1361400,1361400.0,0
2020-11-01,CP010,214369,214369,214369.0,0
2020-11-01,CP011,2765900,2765900,2765900.0,0
2020-11-01,CP013,1357212,1357212,1357212.0,0
2020-11-01,CP014,431300,431300,431300.0,0
2020-11-01,CP015,1010615,1010615,1010615.0,0
2020-11-01,CP016,1682705,1682705,1682705.0,0
2020-11-01,CP017,1529400,1529400,1529400.0,0
2020-11-01,CP019,510000,510000,510000.0,0
2020-11-01,CP020,1010615,1010615,1010615.0,0
2020-11-01,CP022,2697366,2697366,2697366.0,0
2020-11-01,CP024,159800,159800,159800.0,0
2020-12-01,CP001,657874,657874,657874.0,0
2020-12-01,CP002,4236400,4236400,4236400.0,0
2020-12-01,CP004,657874,657874,657874.0,0
2020-12-01,CP005,599352,599352,599352.0,0
2020-12-01,CP006,572054,572054,572054.0,0
2020-12-01,CP007,978190,978190,978190.0,0
2020-12-01,CP008,961572,961572,961572.0,0
2020-12-01,CP009,693000,693000,693000.0,0
2020-12-01,CP010,368567,368567,368567.0,0
2020-12-01,CP011,1322000,1322000,1322000.0,0
2020-12-01,CP013,2366900,2366900,2366900.0,0
2020-12-01,CP014,562390,562390,562390.0,0
2020-12-01,CP015,668482,668482,668482.0,0
2020-12-01,CP016,1326951,1326951,1326951.0,0
2020-12-01,CP017,644000,644000,644000.0,0
2020-12-01,CP018,138000,138000,138000.0,0
2020-12-01,CP019,978190,978190,978190.0,0
2020-12-01,CP020,668482,668482,668482.0,0
2020-12-01,CP022,3912700,3912700,3912700.0,0
2021-01-01,CP001,325900,325900,325900.0,0
2021-01-01,CP002,3527861,3527861,3527861.0,0
2021-01-01,CP004,325900,325900,325900.0,0
2021-01-01,CP005,1796520,1796520,1796520.0,0
2021-01-01,CP006,2373420,2373420,2373420.0,0
2021-01-01,CP007,1233598,1233598,1233598.0,0
2021-01-01,CP008,1928590,1928590,1928590.0,0
2021-01-01,CP009,520400,520400,520400.0,0
2021-01-01,CP011,2274250,2274250,2274250.0,0
2021-01-01,CP013,2176288,2176288,2176288.0,0
2021-01-01,CP014,742500,742500,742500.0,0
2021-01-01,CP015,682400,682400,682400.0,0
2021-01-01,CP016,878925,878925,878925.0,0
2021-01-01,CP017,922717,922717,922717.0,0
2021-01-01,CP019,1233598,1233598,1233598.0,0
2021-01-01,CP020,682400,682400,682400.0,0
2021-01-01,CP022,3527861,3527861,3527861.0,0
2021-02-01,CP001,1872719,1872719,1872719.0,0
2021-02-01,CP002,1348282,1348282,1348282.0,0
2021-02-01,CP004,1872719,1872719,1872719.0,0
2021-02-01,CP005,1981552,1981552,1981552.0,0
2021-02-01,CP006,4802371,4802371,4802371.0,0
2021-02-01,CP007,170000,170000,170000.0,0
2021-02-01,CP008,2457133,2457133,2457133.0,0
2021-02-01,CP009,2289302,2289302,2289302.0,0
2021-02-01,CP010,196000,196000,196000.0,0
2021-02-01,CP011,719764,719764,719764.0,0
2021-02-01,CP013,668800,668800,668800.0,0
2021-02-01,CP014,779200,779200,779200.0,0
2021-02-01,CP015,159764,159764,159764.0,0
2021-02-01,CP016,865977,865977,865977.0,0
2021-02-01,CP017,159800,159800,159800.0,0
2021-02-01,CP019,170000,170000,170000.0,0
2021-02-01,CP020,159764,159764,159764.0,0
2021-02-01,CP022,1503230,1503230,1503230.0,0
2021-03-01,CP001,4226570,4226570,4226570.0,0
2021-03-01,CP002,2369870,2369870,2369870.0,0
2021-03-01,CP004,4226570,4226570,4226570.0,0
2021-03-01,CP005,2177787,2177787,2177787.0,0
2021-03-01,CP006,7167750,7167750,7167750.0,0
2021-03-01,CP007,937766,937766,937766.0,0
2021-03-01,CP008,5479234,5479234,5479234.0,0
2021-03-01,CP009,3796415,3796415,3796415.0,0
2021-03-01,CP010,791961,791961,791961.0,0
2021-03-01,CP011,1836276,1836276,1836276.0,0
2021-03-01,CP013,1196529,1196529,1196529.0,0
2021-03-01,CP014,210100,210100,210100.0,0
2021-03-01,CP015,1143363,1143363,1143363.0,0
2021-03-01,CP016,1665951,1665951,1665951.0,0
2021-03-01,CP017,174000,174000,174000.0,0
2021-03-01,CP019,614166,614166,614166.0,0
2021-03-01,CP020,1143363,1143363,1143363.0,0
2021-03-01,CP022,2210070,2210070,2210070.0,0
2021-03-01,CP024,180000,180000,180000.0,0
2021-04-01,CP001,1884443,1884443,1884443.0,0
2021-04-01,CP002,3048341,3048341,3048341.0,0
2021-04-01,CP004,1884443,1884443,1884443.0,0
2021-04-01,CP005,2895839,2895839,2895839.0,0
2021-04-01,CP006,5911104,5911104,5911104.0,0
2021-04-01,CP007,835000,835000,835000.0,0
2021-04-01,CP008,2808363,2808363,2808363.0,0
2021-04-01,CP009,3441872,3441872,3441872.0,0
2021-04-01,CP010,458907,458907,458907.0,0
2021-04-01,CP011,4565115,4565115,4565115.0,0
2021-04-01,CP013,1350400,1350400,1350400.0,0
2021-04-01,CP015,1440770,1440770,1440770.0,0
2021-04-01,CP016,1282396,1282396,1282396.0,0
2021-04-01,CP017,1452152,1452152,1452152.0,0
2021-04-01,CP018,167000,167000,167000.0,0
2021-04-01,CP019,694000,694000,694000.0,0
2021-04-01,CP020,1288288,1288288,1288288.0,0
2021-04-01,CP022,2706341,2706341,2706341.0,0
2021-05-01,CP001,3163364,3163364,3163364.0,0
2021-05-01,CP002,3723111,3723111,3723111.0,0
2021-05-01,CP004,3163364,3163364,3163364.0,0
2021-05-01,CP005,4304117,4304117,4304117.0,0
2021-05-01,CP006,8062164,8062164,8062164.0,0
2021-05-01,CP007,316758,316758,316758.0,0
2021-05-01,CP008,3681538,3681538,3681538.0,0
2021-05-01,CP009,2569446,2569446,2569446.0,0
2021-05-01,CP010,430849,430849,430849.0,0
2021-05-01,CP011,3839079,3839079,3839079.0,0
2021-05-01,CP013,1518290,1518290,1518290.0,0
2021-05-01,CP014,1061220,1061220,1061220.0,0
2021-05-01,CP015,1659282,1659282,1659282.0,0
2021-05-01,CP016,1043269,1043269,1043269.0,0
2021-05-01,CP017,341000,341000,341000.0,0
2021-05-01,CP019,149600,149600,149600.0,0
2021-05-01,CP020,1504282,1504282,1504282.0,0
2021-05-01,CP022,3723111,3723111,3723111.0,0
2021-05-01,CP024,160000,160000,160000.0,0
2021-06-01,CP001,2284135,2284135,2284135.0,0
2021-06-01,CP002,3218736,3218736,3218736.0,0
2021-06-01,CP004,2284135,2284135,2284135.0,0
2021-06-01,CP005,4720657,4720657,4720657.0,0
2021-06-01,CP006,6947134,6947134,6947134.0,0
2021-06-01,CP007,983626,983626,983626.0,0
2021-06-01,CP008,2621797,2621797,2621797.0,0
2021-06-01,CP009,1579229,1579229,1579229.0,0
2021-06-01,CP010,549080,549080,549080.0,0
2021-06-01,CP011,4026587,4026587,4026587.0,0
2021-06-01,CP012,173400,173400,173400.0,0
2021-06-01,CP013,1013208,1013208,1013208.0,0
2021-06-01,CP014,812200,812200,812200.0,0
2021-06-01,CP015,1150430,1150430,1150430.0,0
2021-06-01,CP016,1049069,1049069,1049069.0,0
2021-06-01,CP017,554135,554135,554135.0,0
2021-06-01,CP018,174000,174000,174000.0,0
2021-06-01,CP019,813626,813626,813626.0,0
2021-06-01,CP020,809430,809430,809430.0,0
2021-06-01,CP022,3044736,3044736,3044736.0,0
2021-06-01,CP023,174000,174000,174000.0,0
2021-06-01,CP024,174000,174000,174000.0,0
2021-07-01,CP001,3518944,3518944,3518944.0,0
2021-07-01,CP002,3247140,3247140,3247140.0,0
2021-07-01,CP004,3518944,3518944,3518944.0,0
2021-07-01,CP005,6352039,6352039,6352039.0,0
2021-07-01,CP006,6849968,6849968,6849968.0,0
2021-07-01,CP007,826100,826100,826100.0,0
2021-07-01,CP008,3726041,3726041,3726041.0,0
2021-07-01,CP009,1839790,1839790,1839790.0,0
2021-07-01,CP010,370100,370100,370100.0,0
2021-07-01,CP011,5050497,5050497,5050497.0,0
2021-07-01,CP013,1215082,1215082,1215082.0,0
2021-07-01,CP014,1955400,1955400,1955400.0,0
2021-07-01,CP015,1132830,1132830,1132830.0,0
2021-07-01,CP016,1510136,1510136,1510136.0,0
2021-07-01,CP017,952100,952100,952100.0,0
2021-07-01,CP018,167000,167000,167000.0,0
2021-07-01,CP019,148300,148300,148300.0,0
2021-07-01,CP020,1132830,1132830,1132830.0,0
2021-07-01,CP022,3245857,3245857,3245857.0,0
2021-07-01,CP023,174000,174000,174000.0,0
2021-07-01,CP024,180000,180000,180000.0,0
2021-08-01,CP001,2078995,2078995,2078995.0,0
2021-08-01,CP002,2728400,2728400,2728400.0,0
2021-08-01,CP004,2078995,2078995,2078995.0,0
2021-08-01,CP005,3989098,3989098,3989098.0,0
2021-08-01,CP006,4551791,4551791,4551791.0,0
2021-08-01,CP007,521673,521673,521673.0,0
2021-08-01,CP008,3038940,3038940,3038940.0,0
2021-08-01,CP009,955155,955155,955155.0,0
2021-08-01,CP010,262138,262138,262138.0,0
2021-08-01,CP011,4245090,4245090,4245090.0,0
2021-08-01,CP013,1020000,1020000,1020000.0,0
2021-08-01,CP014,1000991,1000991,1000991.0,0
2021-08-01,CP015,1468615,1468615,1468615.0,0
2021-08-01,CP016,1141973,1141973,1141973.0,0
2021-08-01,CP017,508400,508400,508400.0,0
2021-08-01,CP018,167000,167000,167000.0,0
2021-08-01,CP019,521673,521673,521673.0,0
2021-08-01,CP020,1468615,1468615,1468615.0,0
2021-08-01,CP022,2898400,2898400,2898400.0,0
2021-09-01,CP001,3516100,3516100,3516100.0,0
2021-09-01,CP002,1896708,1896708,1896708.0,0
2021-09-01,CP004,3516100,3516100,3516100.0,0
2021-09-01,CP005,5220415,5220415,5220415.0,0
2021-09-01,CP006,7434373,7434373,7434373.0,0
2021-09-01,CP007,632870,632870,632870.0,0
2021-09-01,CP008,4926516,4926516,4926516.0,0
2021-09-01,CP009,2041630,2041630,2041630.0,0
2021-09-01,CP010,434300,434300,434300.0,0
2021-09-01,CP011,4286955,4286955,4286955.0,0
2021-09-01,CP013,1221500,1221500,1221500.0,0
2021-09-01,CP014,786500,786500,786500.0,0
2021-09-01,CP015,647482,647482,647482.0,0
2021-09-01,CP016,1859084,1859084,1859084.0,0
2021-09-01,CP017,990500,990500,990500.0,0
2021-09-01,CP019,462870,462870,462870.0,0
2021-09-01,CP020,474482,474482,474482.0,0
2021-09-01,CP022,2070708,2070708,2070708.0,0
2021-09-01,CP024,348000,348000,348000.0,0
2021-10-01,CP001,5097137,5097137,5097137.0,0
2021-10-01,CP002,2546529,2546529,2546529.0,0
2021-10-01,CP004,5097137,5097137,5097137.0,0
2021-10-01,CP005,3866402,3866402,3866402.0,0
2021-10-01,CP006,7481883,7481883,7481883.0,0
2021-10-01,CP007,769317,769317,769317.0,0
2021-10-01,CP008,6626349,6626349,6626349.0,0
2021-10-01,CP009,3793456,3793456,3793456.0,0
2021-10-01,CP010,228100,228100,228100.0,0
2021-10-01,CP011,3768745,3768745,3768745.0,0
2021-10-01,CP013,1668529,1668529,1668529.0,0
2021-10-01,CP014,1285340,1285340,1285340.0,0
2021-10-01,CP015,1677566,1677566,1677566.0,0
2021-10-01,CP016,1007469,1007469,1007469.0,0
2021-10-01,CP017,620234,620234,620234.0,0
2021-10-01,CP019,769317,769317,769317.0,0
2021-10-01,CP020,1677566,1677566,1677566.0,0
2021-10-01,CP022,2720529,2720529,2720529.0,0
2021-11-01,CP001,2408647,2408647,2408647.0,0
2021-11-01,CP002,1896000,1896000,1896000.0,0
2021-11-01,CP004,2408647,2408647,2408647.0,0
2021-11-01,CP005,3702257,3702257,3702257.0,0
2021-11-01,CP006,4883176,4883176,4883176.0,0
2021-11-01,CP007,761100,761100,761100.0,0
2021-11-01,CP008,4613346,4613346,4613346.0,0
2021-11-01,CP009,2788413,2788413,2788413.0,0
2021-11-01,CP010,640389,640389,640389.0,0
2021-11-01,CP011,2310811,2310811,2310811.0,0
2021-11-01,CP013,1191000,1191000,1191000.0,0
2021-11-01,CP014,1512090,1512090,1512090.0,0
2021-11-01,CP015,979033,979033,979033.0,0
2021-11-01,CP016,992818,992818,992818.0,0
2021-11-01,CP017,984980,984980,984980.0,0
2021-11-01,CP019,437500,437500,437500.0,0
2021-11-01,CP020,812033,812033,812033.0,0
2021-11-01,CP022,1896000,1896000,1896000.0,0
2021-11-01,CP024,172000,172000,172000.0,0
2021-12-01,CP001,1211186,1211186,1211186.0,0
2021-12-01,CP002,2312014,2312014,2312014.0,0
2021-12-01,CP004,1211186,1211186,1211186.0,0
2021-12-01,CP005,4140395,4140395,4140395.0,0
2021-12-01,CP006,6485917,6485917,6485917.0,0
2021-12-01,CP007,836300,836300,836300.0,0
2021-12-01,CP008,3678262,3678262,3678262.0,0
2021-12-01,CP009,3735541,3735541,3735541.0,0
2021-12-01,CP010,451073,451073,451073.0,0
2021-12-01,CP011,5193362,5193362,5193362.0,0
2021-12-01,CP013,1049000,1049000,1049000.0,0
2021-12-01,CP014,216200,216200,216200.0,0
2021-12-01,CP015,1340021,1340021,1340021.0,0
2021-12-01,CP016,692097,692097,692097.0,0
2021-12-01,CP017,1796073,1796073,1796073.0,0
2021-12-01,CP019,492300,492300,492300.0,0
2021-12-01,CP020,1168021,1168021,1168021.0,0
2021-12-01,CP022,2334014,2334014,2334014.0,0
2022-01-01,CP001,1197918,1197918,1197918.0,0
2022-01-01,CP002,1034000,1034000,1034000.0,0
2022-01-01,CP004,1197918,1197918,1197918.0,0
2022-01-01,CP005,3786820,3786820,3786820.0,0
2022-01-01,CP006,5910048,5910048,5910048.0,0
2022-01-01,CP007,1262019,1262019,1262019.0,0
2022-01-01,CP008,4310141,4310141,4310141.0,0
2022-01-01,CP009,3402362,3402362,3402362.0,0
2022-01-01,CP010,216200,216200,216200.0,0
2022-01-01,CP011,2539820,2539820,2539820.0,0
2022-01-01,CP013,525000,525000,525000.0,0
2022-01-01,CP014,1428362,1428362,1428362.0,0
2022-01-01,CP015,1324499,1324499,1324499.0,0
2022-01-01,CP016,1181398,1181398,1181398.0,0
2022-01-01,CP017,1530120,1530120,1530120.0,0
2022-01-01,CP018,167000,167000,167000.0,0
2022-01-01,CP019,807588,807588,807588.0,0
2022-01-01,CP020,1157499,1157499,1157499.0,0
2022-01-01,CP021,160000,160000,160000.0,0
2022-01-01,CP022,1383000,1383000,1383000.0,0
2022-02-01,CP001,802300,802300,802300.0,0
2022-02-01,CP002,1505913,1505913,1505913.0,0
2022-02-01,CP004,802300,802300,802300.0,0
2022-02-01,CP005,2633170,2633170,2633170.0,0
2022-02-01,CP006,3587924,3587924,3587924.0,0
2022-02-01,CP007,631700,631700,631700.0,0
2022-02-01,CP008,4485130,4485130,4485130.0,0
2022-02-01,CP009,3466400,3466400,3466400.0,0
2022-02-01,CP010,349000,349000,349000.0,0
2022-02-01,CP011,1739245,1739245,1739245.0,0
2022-02-01,CP013,841800,841800,841800.0,0
2022-02-01,CP014,600100,600100,600100.0,0
2022-02-01,CP015,1143763,1143763,1143763.0,0
2022-02-01,CP016,1186183,1186183,1186183.0,0
2022-02-01,CP017,135000,135000,135000.0,0
2022-02-01,CP019,333800,333800,333800.0,0
2022-02-01,CP020,983963,983963,983963.0,0
2022-02-01,CP021,172000,172000,172000.0,0
2022-02-01,CP022,1505913,1505913,1505913.0,0
2022-03-01,CP001,2545799,2545799,2545799.0,0
2022-03-01,CP002,1683146,1683146,1683146.0,0
2022-03-01,CP004,2390851,2390851,2390851.0,0
2022-03-01,CP005,3486532,3486532,3486532.0,0
2022-03-01,CP006,7052345,7052345,7052345.0,0
2022-03-01,CP007,319600,319600,319600.0,0
2022-03-01,CP008,5283506,5283506,5283506.0,0
2022-03-01,CP009,5729075,5729075,5729075.0,0
2022-03-01,CP010,955624,955624,955624.0,0
2022-03-01,CP011,3407846,3407846,3407846.0,0
2022-03-01,CP013,651712,651712,651712.0,0
2022-03-01,CP015,1155830,1155830,1155830.0,0
2022-03-01,CP016,1449265,1449265,1449265.0,0
2022-03-01,CP017,477900,477900,477900.0,0
2022-03-01,CP018,334000,334000,334000.0,0
2022-03-01,CP019,170000,170000,170000.0,0
2022-03-01,CP020,1155830,1155830,1155830.0,0
2022-03-01,CP022,1683146,1683146,1683146.0,0
2022-04-01,CP001,3788377,3788377,3788377.0,0
2022-04-01,CP002,1039000,1039000,1039000.0,0
2022-04-01,CP004,3788377,3788377,3788377.0,0
2022-04-01,CP005,5303597,5303597,5303597.0,0
2022-04-01,CP006,10702065,10702065,10702065.0,0
2022-04-01,CP007,314400,314400,314400.0,0
2022-04-01,CP008,4441702,4441702,4441702.0,0
2022-04-01,CP009,6044095,6044095,6044095.0,0
2022-04-01,CP010,944338,944338,944338.0,0
2022-04-01,CP011,4185977,4185977,4185977.0,0
2022-04-01,CP013,164000,164000,164000.0,0
2022-04-01,CP014,655968,655968,655968.0,0
2022-04-01,CP015,826482,826482,826482.0,0
2022-04-01,CP016,1483446,1483446,1483446.0,0
2022-04-01,CP017,425200,425200,425200.0,0
2022-04-01,CP018,174000,174000,174000.0,0
2022-04-01,CP019,173400,173400,173400.0,0
2022-04-01,CP020,653482,653482,653482.0,0
2022-04-01,CP021,174000,174000,174000.0,0
2022-04-01,CP022,875000,875000,875000.0,0
2022-05-01,CP001,3887573,3887573,3887573.0,0
2022-05-01,CP002,1827306,1827306,1827306.0,0
2022-05-01,CP004,3887573,3887573,3887573.0,0
2022-05-01,CP005,3509797,3509797,3509797.0,0
2022-05-01,CP006,8751658,8751658,8751658.0,0
2022-05-01,CP007,759442,759442,759442.0,0
2022-05-01,CP008,5550910,5550910,5550910.0,0
2022-05-01,CP009,4561265,4561265,4561265.0,0
2022-05-01,CP010,1183362,1183362,1183362.0,0
2022-05-01,CP011,3546067,3546067,3546067.0,0
2022-05-01,CP013,499812,499812,499812.0,0
2022-05-01,CP014,489600,489600,489600.0,0
2022-05-01,CP015,1979611,1979611,1979611.0,0
2022-05-01,CP016,1494697,1494697,1494697.0,0
2022-05-01,CP017,288262,288262,288262.0,0
2022-05-01,CP018,167000,167000,167000.0,0
2022-05-01,CP019,472600,472600,472600.0,0
2022-05-01,CP020,1507296,1507296,1507296.0,0
2022-05-01,CP022,2001306,2001306,2001306.0,0
2022-06-01,CP001,3328768,3328768,3328768.0,0
2022-06-01,CP002,1898172,1898172,1898172.0,0
2022-06-01,CP004,3328768,3328768,3328768.0,0
2022-06-01,CP005,4708718,4708718,4708718.0,0
2022-06-01,CP006,8496896,8496896,8496896.0,0
2022-06-01,CP007,609300,609300,609300.0,0
2022-06-01,CP008,4081328,4081328,4081328.0,0
2022-06-01,CP009,2909544,2909544,2909544.0,0
2022-06-01,CP010,711608,711608,711608.0,0
2022-06-01,CP011,3860284,3860284,3860284.0,0
2022-06-01,CP013,696000,696000,696000.0,0
2022-06-01,CP014,905640,905640,905640.0,0
2022-06-01,CP015,1307110,1307110,1307110.0,0
2022-06-01,CP016,1491531,1491531,1491531.0,0
2022-06-01,CP017,281059,281059,281059.0,0
2022-06-01,CP019,468300,468300,468300.0,0
2022-06-01,CP020,970048,970048,970048.0,0
2022-06-01,CP022,1898172,1898172,1898172.0,0
2022-07-01,CP001,5350661,5350661,5350661.0,0
2022-07-01,CP002,2066963,2066963,2066963.0,0
2022-07-01,CP004,5350661,5350661,5350661.0,0
2022-07-01,CP005,4625309,4625309,4625309.0,0
2022-07-01,CP006,10177460,10177460,10177460.0,0
2022-07-01,CP007,458900,458900,458900.0,0
2022-07-01,CP008,7419796,7419796,7419796.0,0
2022-07-01,CP009,4819706,4819706,4819706.0,0
2022-07-01,CP010,712823,712823,712823.0,0
2022-07-01,CP011,3604229,3604229,3604229.0,0
2022-07-01,CP013,673812,673812,673812.0,0
2022-07-01,CP014,1563462,1563462,1563462.0,0
2022-07-01,CP015,674551,674551,674551.0,0
2022-07-01,CP016,1740102,1740102,1740102.0,0
2022-07-01,CP017,281059,281059,281059.0,0
2022-07-01,CP018,334000,334000,334000.0,0
2022-07-01,CP019,286900,286900,286900.0,0
2022-07-01,CP020,674551,674551,674551.0,0
2022-07-01,CP022,1722963,1722963,1722963.0,0
2022-08-01,CP001,3336979,3336979,3336979.0,0
2022-08-01,CP002,1893958,1893958,1893958.0,0
2022-08-01,CP004,3336979,3336979,3336979.0,0
2022-08-01,CP005,4715130,4715130,4715130.0,0
2022-08-01,CP006,8802435,8802435,8802435.0,0
2022-08-01,CP007,457226,457226,457226.0,0
2022-08-01,CP008,5365349,5365349,5365349.0,0
2022-08-01,CP009,3685724,3685724,3685724.0,0
2022-08-01,CP010,913936,913936,913936.0,0
2022-08-01,CP011,3237862,3237862,3237862.0,0
2022-08-01,CP013,1049000,1049000,1049000.0,0
2022-08-01,CP014,875008,875008,875008.0,0
2022-08-01,CP015,2013655,2013655,2013655.0,0
2022-08-01,CP016,2475112,2475112,2475112.0,0
2022-08-01,CP017,475100,475100,475100.0,0
2022-08-01,CP020,1660255,1660255,1660255.0,0
2022-08-01,CP021,339158,339158,339158.0,0
2022-08-01,CP022,1879958,1879958,1879958.0,0
2022-09-01,CP001,3436223,3436223,3436223.0,0
2022-09-01,CP002,1680584,1680584,1680584.0,0
2022-09-01,CP004,3436223,3436223,3436223.0,0
2022-09-01,CP005,3666683,3666683,3666683.0,0
2022-09-01,CP006,6187443,6187443,6187443.0,0
2022-09-01,CP007,465840,465840,465840.0,0
2022-09-01,CP008,4326060,4326060,4326060.0,0
2022-09-01,CP009,5770775,5770775,5770775.0,0
2022-09-01,CP010,1115359,1115359,1115359.0,0
2022-09-01,CP011,4245376,4245376,4245376.0,0
2022-09-01,CP012,160000,160000,160000.0,0
2022-09-01,CP013,1006812,1006812,1006812.0,0
2022-09-01,CP014,270000,270000,270000.0,0
2022-09-01,CP015,2315263,2315263,2315263.0,0
2022-09-01,CP016,1409287,1409287,1409287.0,0
2022-09-01,CP017,1119754,1119754,1119754.0,0
2022-09-01,CP018,167000,167000,167000.0,0
2022-09-01,CP019,174000,174000,174000.0,0
2022-09-01,CP020,2148263,2148263,2148263.0,0
2022-09-01,CP022,1365584,1365584,1365584.0,0
2022-10-01,CP001,4614124,4614124,4614124.0,0
2022-10-01,CP002,2215991,2215991,2215991.0,0
2022-10-01,CP004,4614124,4614124,4614124.0,0
2022-10-01,CP005,5203241,5203241,5203241.0,0
2022-10-01,CP006,8338262,8338262,8338262.0,0
2022-10-01,CP007,907852,907852,907852.0,0
2022-10-01,CP008,5226343,5226343,5226343.0,0
2022-10-01,CP009,5445223,5445223,5445223.0,0
2022-10-01,CP010,558969,558969,558969.0,0
2022-10-01,CP011,4707741,4707741,4707741.0,0
2022-10-01,CP013,1483991,1483991,1483991.0,0
2022-10-01,CP014,1195052,1195052,1195052.0,0
2022-10-01,CP015,815700,815700,815700.0,0
2022-10-01,CP016,1723115,1723115,1723115.0,0
2022-10-01,CP017,892372,892372,892372.0,0
2022-10-01,CP018,167000,167000,167000.0,0
2022-10-01,CP019,737852,737852,737852.0,0
2022-10-01,CP020,815700,815700,815700.0,0
2022-10-01,CP021,160000,160000,160000.0,0
2022-10-01,CP022,2215991,2215991,2215991.0,0
2022-11-01,CP001,3087361,3087361,3087361.0,0
2022-11-01,CP002,1200434,1200434,1200434.0,0
2022-11-01,CP004,3087361,3087361,3087361.0,0
2022-11-01,CP005,5267726,5267726,5267726.0,0
2022-11-01,CP006,8685582,8685582,8685582.0,0
2022-11-01,CP007,752248,752248,752248.0,0
2022-11-01,CP008,5398553,5398553,5398553.0,0
2022-11-01,CP009,5930900,5930900,5930900.0,0
2022-11-01,CP010,908740,908740,908740.0,0
2022-11-01,CP011,3632766,3632766,3632766.0,0
2022-11-01,CP013,666717,666717,666717.0,0
2022-11-01,CP014,932500,932500,932500.0,0
2022-11-01,CP015,1017000,1017000,1017000.0,0
2022-11-01,CP016,1844266,1844266,1844266.0,0
2022-11-01,CP017,889798,889798,889798.0,0
2022-11-01,CP018,167000,167000,167000.0,0
2022-11-01,CP019,752248,752248,752248.0,0
2022-11-01,CP020,1017000,1017000,1017000.0,0
2022-11-01,CP022,1028434,1028434,1028434.0,0
2022-11-01,CP024,172000,172000,172000.0,0
2022-12-01,CP001,1987777,1987777,1987777.0,0
2022-12-01,CP002,1659974,1659974,1659974.0,0
2022-12-01,CP004,1987777,1987777,1987777.0,0
2022-12-01,CP005,5427741,5427741,5427741.0,0
2022-12-01,CP006,6890994,6890994,6890994.0,0
2022-12-01,CP007,294252,294252,294252.0,0
2022-12-01,CP008,4020662,4020662,4020662.0,0
2022-12-01,CP009,5424721,5424721,5424721.0,0
2022-12-01,CP010,1159739,1159739,1159739.0,0
2022-12-01,CP011,6523323,6523323,6523323.0,0
2022-12-01,CP013,652212,652212,652212.0,0
2022-12-01,CP014,383100,383100,383100.0,0
2022-12-01,CP015,2164048,2164048,2164048.0,0
2022-12-01,CP016,1163523,1163523,1163523.0,0
2022-12-01,CP017,2359815,2359815,2359815.0,0
2022-12-01,CP019,145952,145952,145952.0,0
2022-12-01,CP020,2164048,2164048,2164048.0,0
2022-12-01,CP022,1492912,1492912,1492912.0,0
2023-01-01,CP001,2850868,2850868,2850868.0,0
2023-01-01,CP002,1709717,1709717,1709717.0,0
2023-01-01,CP004,2850868,2850868,2850868.0,0
2023-01-01,CP005,5948779,5948779,5948779.0,0
2023-01-01,CP006,9632251,9632251,9632251.0,0
2023-01-01,CP007,615290,615290,615290.0,0
2023-01-01,CP008,3800884,3800884,3800884.0,0
2023-01-01,CP009,5052210,5052210,5052210.0,0
2023-01-01,CP010,1067864,1067864,1067864.0,0
2023-01-01,CP011,5856469,5856469,5856469.0,0
2023-01-01,CP013,694717,694717,694717.0,0
2023-01-01,CP014,426000,426000,426000.0,0
2023-01-01,CP015,1111648,1111648,1111648.0,0
2023-01-01,CP016,1402355,1402355,1402355.0,0
2023-01-01,CP017,1304181,1304181,1304181.0,0
2023-01-01,CP018,167000,167000,167000.0,0
2023-01-01,CP019,465690,465690,465690.0,0
2023-01-01,CP020,1111648,1111648,1111648.0,0
2023-01-01,CP022,1535717,1535717,1535717.0,0
2023-02-01,CP001,2632640,2632640,2632640.0,0
2023-02-01,CP002,1029520,1029520,1029520.0,0
2023-02-01,CP004,2632640,2632640,2632640.0,0
2023-02-01,CP005,5201945,5201945,5201945.0,0
2023-02-01,CP006,8349747,8349747,8349747.0,0
2023-02-01,CP007,605900,605900,605900.0,0
2023-02-01,CP008,4374423,4374423,4374423.0,0
2023-02-01,CP009,5162966,5162966,5162966.0,0
2023-02-01,CP010,878159,878159,878159.0,0
2023-02-01,CP011,4005550,4005550,4005550.0,0
2023-02-01,CP013,522000,522000,522000.0,0
2023-02-01,CP014,527600,527600,527600.0,0
2023-02-01,CP015,1294162,1294162,1294162.0,0
2023-02-01,CP016,2108465,2108465,2108465.0,0
2023-02-01,CP017,470920,470920,470920.0,0
2023-02-01,CP018,167000,167000,167000.0,0
2023-02-01,CP019,308000,308000,308000.0,0
2023-02-01,CP020,1294162,1294162,1294162.0,0
2023-02-01,CP022,867000,867000,867000.0,0
2023-03-01,CP001,4868639,4868639,4868639.0,0
2023-03-01,CP002,1826838,1826838,1826838.0,0
2023-03-01,CP004,4694639,4694639,4694639.0,0
2023-03-01,CP005,6497179,6497179,6497179.0,0
2023-03-01,CP006,9818734,9818734,9818734.0,0
2023-03-01,CP007,917814,917814,917814.0,0
2023-03-01,CP008,5216473,5216473,5216473.0,0
2023-03-01,CP009,6597036,6597036,6597036.0,0
2023-03-01,CP010,1082277,1082277,1082277.0,0
2023-03-01,CP011,3888022,3888022,3888022.0,0
2023-03-01,CP013,488680,488680,488680.0,0
2023-03-01,CP014,313000,313000,313000.0,0
2023-03-01,CP015,1643682,1643682,1643682.0,0
2023-03-01,CP016,1832469,1832469,1832469.0,0
2023-03-01,CP017,1131420,1131420,1131420.0,0
2023-03-01,CP019,315914,315914,315914.0,0
2023-03-01,CP020,805182,805182,805182.0,0
2023-03-01,CP022,1344680,1344680,1344680.0,0
2023-03-01,CP024,684000,684000,684000.0,0
2023-04-01,CP001,3795638,3795638,3795638.0,0
2023-04-01,CP002,1694858,1694858,1694858.0,0
2023-04-01,CP004,3795638,3795638,3795638.0,0
2023-04-01,CP005,4818336,4818336,4818336.0,0
2023-04-01,CP006,9602009,9602009,9602009.0,0
2023-04-01,CP007,890867,890867,890867.0,0
2023-04-01,CP008,4495511,4495511,4495511.0,0
2023-04-01,CP009,6651710,6651710,6651710.0,0
2023-04-01,CP010,1497761,1497761,1497761.0,0
2023-04-01,CP011,4358306,4358306,4358306.0,0
2023-04-01,CP013,885000,885000,885000.0,0
2023-04-01,CP015,1959220,1959220,1959220.0,0
2023-04-01,CP016,2039644,2039644,2039644.0,0
2023-04-01,CP017,1045292,1045292,1045292.0,0
2023-04-01,CP019,298158,298158,298158.0,0
2023-04-01,CP020,1751493,1751493,1751493.0,0
2023-04-01,CP022,1185700,1185700,1185700.0,0
2023-04-01,CP023,173400,173400,173400.0,0
2023-05-01,CP001,5282934,5282934,5282934.0,0
2023-05-01,CP002,1734172,1734172,1734172.0,0
2023-05-01,CP004,5282934,5282934,5282934.0,0
2023-05-01,CP005,4966130,4966130,4966130.0,0
2023-05-01,CP006,9605668,9605668,9605668.0,0
2023-05-01,CP007,920474,920474,920474.0,0
2023-05-01,CP008,5630590,5630590,5630590.0,0
2023-05-01,CP009,6415938,6415938,6415938.0,0
2023-05-01,CP010,1458164,1458164,1458164.0,0
2023-05-01,CP011,3613472,3613472,3613472.0,0
2023-05-01,CP013,521400,521400,521400.0,0
2023-05-01,CP014,507000,507000,507000.0,0
2023-05-01,CP015,954194,954194,954194.0,0
2023-05-01,CP016,1315951,1315951,1315951.0,0
2023-05-01,CP017,1085830,1085830,1085830.0,0
2023-05-01,CP019,629874,629874,629874.0,0
2023-05-01,CP020,954194,954194,954194.0,0
2023-05-01,CP022,1556590,1556590,1556590.0,0
2023-05-01,CP024,167062,167062,167062.0,0
2023-06-01,CP001,5079473,5079473,5079473.0,0
2023-06-01,CP002,2050402,2050402,2050402.0,0
2023-06-01,CP004,4909273,4909273,4909273.0,0
2023-06-01,CP005,4845580,4845580,4845580.0,0
2023-06-01,CP006,8875461,8875461,8875461.0,0
2023-06-01,CP007,1020400,1020400,1020400.0,0
2023-06-01,CP008,4697779,4697779,4697779.0,0
2023-06-01,CP009,6377432,6377432,6377432.0,0
2023-06-01,CP010,2043428,2043428,2043428.0,0
2023-06-01,CP011,4957810,4957810,4957810.0,0
2023-06-01,CP013,352000,352000,352000.0,0
2023-06-01,CP014,173400,173400,173400.0,0
2023-06-01,CP015,2428170,2428170,2428170.0,0
2023-06-01,CP016,1184542,1184542,1184542.0,0
2023-06-01,CP017,1588530,1588530,1588530.0,0
2023-06-01,CP019,680400,680400,680400.0,0
2023-06-01,CP020,1946688,1946688,1946688.0,0
2023-06-01,CP022,1866209,1866209,1866209.0,0
2023-07-01,CP001,4932014,4932014,4932014.0,0
2023-07-01,CP002,2878560,2878560,2878560.0,0
2023-07-01,CP004,4932014,4932014,4932014.0,0
2023-07-01,CP005,5870880,5870880,5870880.0,0
2023-07-01,CP006,8266137,8266137,8266137.0,0
2023-07-01,CP007,898492,898492,898492.0,0
2023-07-01,CP008,5207076,5207076,5207076.0,0
2023-07-01,CP009,4753731,4753731,4753731.0,0
2023-07-01,CP010,1017057,1017057,1017057.0,0
2023-07-01,CP011,4958030,4958030,4958030.0,0
2023-07-01,CP013,967152,967152,967152.0,0
2023-07-01,CP014,445128,445128,445128.0,0
2023-07-01,CP015,1654436,1654436,1654436.0,0
2023-07-01,CP016,1509521,1509521,1509521.0,0
2023-07-01,CP017,991000,991000,991000.0,0
2023-07-01,CP020,1321162,1321162,1321162.0,0
2023-07-01,CP021,170000,170000,170000.0,0
2023-07-01,CP022,2714560,2714560,2714560.0,0
2023-07-01,CP023,164000,164000,164000.0,0
2023-07-01,CP024,174000,174000,174000.0,0
2023-08-01,CP001,2344552,2344552,2344552.0,0
2023-08-01,CP002,2742486,2742486,2742486.0,0
2023-08-01,CP004,2344552,2344552,2344552.0,0
2023-08-01,CP005,5805128,5805128,5805128.0,0
2023-08-01,CP006,7744693,7744693,7744693.0,0
2023-08-01,CP007,294226,294226,294226.0,0
2023-08-01,CP008,2820078,2820078,2820078.0,0
2023-08-01,CP009,4867012,4867012,4867012.0,0
2023-08-01,CP010,1569905,1569905,1569905.0,0
2023-08-01,CP011,4051264,4051264,4051264.0,0
2023-08-01,CP013,1224000,1224000,1224000.0,0
2023-08-01,CP014,1065192,1065192,1065192.0,0
2023-08-01,CP015,1475950,1475950,1475950.0,0
2023-08-01,CP016,1135169,1135169,1135169.0,0
2023-08-01,CP017,794138,794138,794138.0,0
2023-08-01,CP020,966950,966950,966950.0,0
2023-08-01,CP021,170000,170000,170000.0,0
2023-08-01,CP022,2408813,2408813,2408813.0,0
2023-08-01,CP023,173673,173673,173673.0,0
2023-09-01,CP001,3026323,3026323,3026323.0,0
2023-09-01,CP002,1793456,1793456,1793456.0,0
2023-09-01,CP004,3026323,3026323,3026323.0,0
2023-09-01,CP005,5659753,5659753,5659753.0,0
2023-09-01,CP006,8278378,8278378,8278378.0,0
2023-09-01,CP007,609214,609214,609214.0,0
2023-09-01,CP008,5291801,5291801,5291801.0,0
2023-09-01,CP009,5202432,5202432,5202432.0,0
2023-09-01,CP010,1485025,1485025,1485025.0,0
2023-09-01,CP011,3532164,3532164,3532164.0,0
2023-09-01,CP013,1113566,1113566,1113566.0,0
2023-09-01,CP014,795090,795090,795090.0,0
2023-09-01,CP015,1132628,1132628,1132628.0,0
2023-09-01,CP016,1451727,1451727,1451727.0,0
2023-09-01,CP017,909820,909820,909820.0,0
2023-09-01,CP018,167000,167000,167000.0,0
2023-09-01,CP019,289300,289300,289300.0,0
2023-09-01,CP020,926901,926901,926901.0,0
2023-09-01,CP022,1477936,1477936,1477936.0,0
2023-09-01,CP024,330520,330520,330520.0,0
2023-10-01,CP001,3390914,3390914,3390914.0,0
2023-10-01,CP002,2733535,2733535,2733535.0,0
2023-10-01,CP004,3390914,3390914,3390914.0,0
2023-10-01,CP005,5654994,5654994,5654994.0,0
2023-10-01,CP006,7412851,7412851,7412851.0,0
2023-10-01,CP007,1426200,1426200,1426200.0,0
2023-10-01,CP008,5437352,5437352,5437352.0,0
2023-10-01,CP009,5789845,5789845,5789845.0,0
2023-10-01,CP010,629740,629740,629740.0,0
2023-10-01,CP011,5565803,5565803,5565803.0,0
2023-10-01,CP013,1376673,1376673,1376673.0,0
2023-10-01,CP014,951662,951662,951662.0,0
2023-10-01,CP015,2286612,2286612,2286612.0,0
2023-10-01,CP016,1545521,1545521,1545521.0,0
2023-10-01,CP017,2203962,2203962,2203962.0,0
2023-10-01,CP019,1106200,1106200,1106200.0,0
2023-10-01,CP020,2098403,2098403,2098403.0,0
2023-10-01,CP022,2228800,2228800,2228800.0,0
2023-11-01,CP001,3936075,3936075,3936075.0,0
2023-11-01,CP002,2541549,2541549,2541549.0,0
2023-11-01,CP004,3936075,3936075,3936075.0,0
2023-11-01,CP005,5865995,5865995,5865995.0,0
2023-11-01,CP006,8937344,8937344,8937344.0,0
2023-11-01,CP007,632800,632800,632800.0,0
2023-11-01,CP008,3152525,3152525,3152525.0,0
2023-11-01,CP009,6002122,6002122,6002122.0,0
2023-11-01,CP010,923639,923639,923639.0,0
2023-11-01,CP011,4675584,4675584,4675584.0,0
2023-11-01,CP013,1012000,1012000,1012000.0,0
2023-11-01,CP014,294800,294800,294800.0,0
2023-11-01,CP015,1639558,1639558,1639558.0,0
2023-11-01,CP016,1620247,1620247,1620247.0,0
2023-11-01,CP017,2027351,2027351,2027351.0,0
2023-11-01,CP019,159800,159800,159800.0,0
2023-11-01,CP020,1486431,1486431,1486431.0,0
2023-11-01,CP022,2365501,2365501,2365501.0,0
2023-11-01,CP023,174000,174000,174000.0,0
2023-11-01,CP024,330520,330520,330520.0,0
2023-12-01,CP001,3676939,3676939,3676939.0,0
2023-12-01,CP002,2562012,2562012,2562012.0,0
2023-12-01,CP004,3676939,3676939,3676939.0,0
2023-12-01,CP005,6586657,6586657,6586657.0,0
2023-12-01,CP006,9179144,9179144,9179144.0,0
2023-12-01,CP007,914667,914667,914667.0,0
2023-12-01,CP008,5155345,5155345,5155345.0,0
2023-12-01,CP009,7249775,7249775,7249775.0,0
2023-12-01,CP010,1153600,1153600,1153600.0,0
2023-12-01,CP011,6247998,6247998,6247998.0,0
2023-12-01,CP013,1796312,1796312,1796312.0,0
2023-12-01,CP014,556760,556760,556760.0,0
2023-12-01,CP015,2625974,2625974,2625974.0,0
2023-12-01,CP016,1493169,1493169,1493169.0,0
2023-12-01,CP017,2030470,2030470,2030470.0,0
2023-12-01,CP019,620415,620415,620415.0,0
2023-12-01,CP020,2125973,2125973,2125973.0,0
2023-12-01,CP022,2563012,2563012,2563012.0,0
2023-12-01,CP023,174000,174000,174000.0,0
2024-01-01,CP001,2369799,2369799,2369799.0,0
2024-01-01,CP002,2056846,2056846,2056846.0,0
2024-01-01,CP004,2369799,2369799,2369799.0,0
2024-01-01,CP005,6061076,6061076,6061076.0,0
2024-01-01,CP006,9267741,9267741,9267741.0,0
2024-01-01,CP007,1627886,1627886,1627886.0,0
2024-01-01,CP008,4980959,4980959,4980959.0,0
2024-01-01,CP009,5469802,5469802,5469802.0,0
2024-01-01,CP010,1631524,1631524,1631524.0,0
2024-01-01,CP011,4827233,4827233,4827233.0,0
2024-01-01,CP013,532000,532000,532000.0,0
2024-01-01,CP014,554220,554220,554220.0,0
2024-01-01,CP015,1805700,1805700,1805700.0,0
2024-01-01,CP016,1213069,1213069,1213069.0,0
2024-01-01,CP017,2225533,2225533,2225533.0,0
2024-01-01,CP018,302490,302490,302490.0,0
2024-01-01,CP019,720814,720814,720814.0,0
2024-01-01,CP020,1595973,1595973,1595973.0,0
2024-01-01,CP022,2420289,2420289,2420289.0,0
2024-01-01,CP024,336000,336000,336000.0,0
2024-02-01,CP001,2155388,2155388,2155388.0,0
2024-02-01,CP002,1336700,1336700,1336700.0,0
2024-02-01,CP004,2155388,2155388,2155388.0,0
2024-02-01,CP005,4940973,4940973,4940973.0,0
2024-02-01,CP006,7170884,7170884,7170884.0,0
2024-02-01,CP007,1595678,1595678,1595678.0,0
2024-02-01,CP008,4671938,4671938,4671938.0,0
2024-02-01,CP009,5517231,5517231,5517231.0,0
2024-02-01,CP010,1528677,1528677,1528677.0,0
2024-02-01,CP011,3823205,3823205,3823205.0,0
2024-02-01,CP013,309000,309000,309000.0,0
2024-02-01,CP014,384100,384100,384100.0,0
2024-02-01,CP015,1471315,1471315,1471315.0,0
2024-02-01,CP016,1141973,1141973,1141973.0,0
2024-02-01,CP017,1007550,1007550,1007550.0,0
2024-02-01,CP019,644834,644834,644834.0,0
2024-02-01,CP020,1123315,1123315,1123315.0,0
2024-02-01,CP022,1683100,1683100,1683100.0,0
2024-03-01,CP001,2824173,2824173,2824173.0,0
2024-03-01,CP002,3108769,3108769,3108769.0,0
2024-03-01,CP004,2824173,2824173,2824173.0,0
2024-03-01,CP005,4495233,4495233,4495233.0,0
2024-03-01,CP006,8067823,8067823,8067823.0,0
2024-03-01,CP007,988973,988973,988973.0,0
2024-03-01,CP008,4573001,4573001,4573001.0,0
2024-03-01,CP009,5346328,5346328,5346328.0,0
2024-03-01,CP010,1318016,1318016,1318016.0,0
2024-03-01,CP011,5663509,5663509,5663509.0,0
2024-03-01,CP013,1042117,1042117,1042117.0,0
2024-03-01,CP014,804100,804100,804100.0,0
2024-03-01,CP015,1698000,1698000,1698000.0,0
2024-03-01,CP016,1513717,1513717,1513717.0,0
2024-03-01,CP017,1682188,1682188,1682188.0,0
2024-03-01,CP018,167000,167000,167000.0,0
2024-03-01,CP019,839373,839373,839373.0,0
2024-03-01,CP020,1178000,1178000,1178000.0,0
2024-03-01,CP022,3115707,3115707,3115707.0,0
2024-04-01,CP001,2646927,2646927,2646927.0,0
2024-04-01,CP002,1880958,1880958,1880958.0,0
2024-04-01,CP004,2646927,2646927,2646927.0,0
2024-04-01,CP005,4525700,4525700,4525700.0,0
2024-04-01,CP006,8782841,8782841,8782841.0,0
2024-04-01,CP007,1439734,1439734,1439734.0,0
2024-04-01,CP008,4412415,4412415,4412415.0,0
2024-04-01,CP009,6210208,6210208,6210208.0,0
2024-04-01,CP010,2189064,2189064,2189064.0,0
2024-04-01,CP011,5329700,5329700,5329700.0,0
2024-04-01,CP013,348000,348000,348000.0,0
2024-04-01,CP014,216200,216200,216200.0,0
2024-04-01,CP015,1975700,1975700,1975700.0,0
2024-04-01,CP016,982948,982948,982948.0,0
2024-04-01,CP017,1201187,1201187,1201187.0,0
2024-04-01,CP019,649952,649952,649952.0,0
2024-04-01,CP020,1482000,1482000,1482000.0,0
2024-04-01,CP022,1540958,1540958,1540958.0,0
2024-04-01,CP024,501000,501000,501000.0,0
2024-05-01,CP001,3207453,3207453,3207453.0,0
2024-05-01,CP002,681673,681673,681673.0,0
2024-05-01,CP004,3207453,3207453,3207453.0,0
2024-05-01,CP005,4369320,4369320,4369320.0,0
2024-05-01,CP006,6601604,6601604,6601604.0,0
2024-05-01,CP007,611600,611600,611600.0,0
2024-05-01,CP008,3622798,3622798,3622798.0,0
2024-05-01,CP009,3824558,3824558,3824558.0,0
2024-05-01,CP010,1265592,1265592,1265592.0,0
2024-05-01,CP011,2078094,2078094,2078094.0,0
2024-05-01,CP013,334000,334000,334000.0,0
2024-05-01,CP014,524220,524220,524220.0,0
2024-05-01,CP015,1493620,1493620,1493620.0,0
2024-05-01,CP016,672615,672615,672615.0,0
2024-05-01,CP018,167000,167000,167000.0,0
2024-05-01,CP019,488400,488400,488400.0,0
2024-05-01,CP020,1173920,1173920,1173920.0,0
2024-05-01,CP022,347673,347673,347673.0,0
2024-06-01,CP001,1485617,1485617,1485617.0,0
2024-06-01,CP002,174000,174000,174000.0,0
2024-06-01,CP004,1485617,1485617,1485617.0,0
2024-06-01,CP005,3640655,3640655,3640655.0,0
2024-06-01,CP006,4848823,4848823,4848823.0,0
2024-06-01,CP007,616708,616708,616708.0,0
2024-06-01,CP008,1869655,1869655,1869655.0,0
2024-06-01,CP009,3078898,3078898,3078898.0,0
2024-06-01,CP010,915880,915880,915880.0,0
2024-06-01,CP011,1117029,1117029,1117029.0,0
2024-06-01,CP015,643974,643974,643974.0,0
2024-06-01,CP016,346000,346000,346000.0,0
2024-06-01,CP018,167000,167000,167000.0,0
2024-06-01,CP019,322482,322482,322482.0,0
2024-06-01,CP020,331274,331274,331274.0,0
2024-06-01,CP022,174000,174000,174000.0,0
2024-06-01,CP024,160000,160000,160000.0,0
2024-07-01,CP001,3014173,3014173,3014173.0,0
2024-07-01,CP002,520000,520000,520000.0,0
2024-07-01,CP004,3014173,3014173,3014173.0,0
2024-07-01,CP005,4421688,4421688,4421688.0,0
2024-07-01,CP006,6535610,6535610,6535610.0,0
2024-07-01,CP007,294214,294214,294214.0,0
2024-07-01,CP008,2635014,2635014,2635014.0,0
2024-07-01,CP009,1949958,1949958,1949958.0,0
2024-07-01,CP010,572360,572360,572360.0,0
2024-07-01,CP011,1878733,1878733,1878733.0,0
2024-07-01,CP013,174000,174000,174000.0,0
2024-07-01,CP014,737200,737200,737200.0,0
2024-07-01,CP015,1327948,1327948,1327948.0,0
2024-07-01,CP016,493700,493700,493700.0,0
2024-07-01,CP017,174000,174000,174000.0,0
2024-07-01,CP020,622221,622221,622221.0,0
2024-07-01,CP022,522000,522000,522000.0,0
2024-07-01,CP023,172000,172000,172000.0,0
2024-08-01,CP001,2477808,2477808,2477808.0,0
2024-08-01,CP002,686000,686000,686000.0,0
2024-08-01,CP004,2477808,2477808,2477808.0,0
2024-08-01,CP005,2874787,2874787,2874787.0,0
2024-08-01,CP006,5408305,5408305,5408305.0,0
2024-08-01,CP007,648782,648782,648782.0,0
2024-08-01,CP008,3109290,3109290,3109290.0,0
2024-08-01,CP009,2367109,2367109,2367109.0,0
2024-08-01,CP010,385520,385520,385520.0,0
2024-08-01,CP011,1069600,1069600,1069600.0,0
2024-08-01,CP012,347400,347400,347400.0,0
2024-08-01,CP013,522000,522000,522000.0,0
2024-08-01,CP014,174000,174000,174000.0,0
2024-08-01,CP015,1467648,1467648,1467648.0,0
2024-08-01,CP016,500615,500615,500615.0,0
2024-08-01,CP017,346000,346000,346000.0,0
2024-08-01,CP018,174000,174000,174000.0,0
2024-08-01,CP019,326482,326482,326482.0,0
2024-08-01,CP020,911494,911494,911494.0,0
2024-08-01,CP022,686000,686000,686000.0,0
2024-08-01,CP023,174000,174000,174000.0,0
2024-09-01,CP001,2394298,2394298,2394298.0,0
2024-09-01,CP002,495812,495812,495812.0,0
2024-09-01,CP004,2394298,2394298,2394298.0,0
2024-09-01,CP005,4864373,4864373,4864373.0,0
2024-09-01,CP006,5873333,5873333,5873333.0,0
2024-09-01,CP007,170000,170000,170000.0,0
2024-09-01,CP008,3066098,3066098,3066098.0,0
2024-09-01,CP009,2392600,2392600,2392600.0,0
2024-09-01,CP010,1005600,1005600,1005600.0,0
2024-09-01,CP011,2000035,2000035,2000035.0,0
2024-09-01,CP013,151812,151812,151812.0,0
2024-09-01,CP014,612000,612000,612000.0,0
2024-09-01,CP015,1283540,1283540,1283540.0,0
2024-09-01,CP016,1510315,1510315,1510315.0,0
2024-09-01,CP019,170000,170000,170000.0,0
2024-09-01,CP020,947273,947273,947273.0,0
2024-09-01,CP022,655812,655812,655812.0,0
2024-09-01,CP023,160000,160000,160000.0,0
2024-10-01,CP001,2650042,2650042,2650042.0,0
2024-10-01,CP002,336000,336000,336000.0,0
2024-10-01,CP004,2476042,2476042,2476042.0,0
2024-10-01,CP005,3926387,3926387,3926387.0,0
2024-10-01,CP006,5122010,5122010,5122010.0,0
2024-10-01,CP007,614322,614322,614322.0,0
2024-10-01,CP008,3066441,3066441,3066441.0,0
2024-10-01,CP009,2187971,2187971,2187971.0,0
2024-10-01,CP010,278200,278200,278200.0,0
2024-10-01,CP011,1134400,1134400,1134400.0,0
2024-10-01,CP013,270000,270000,270000.0,0
2024-10-01,CP015,1686540,1686540,1686540.0,0
2024-10-01,CP016,485000,485000,485000.0,0
2024-10-01,CP019,315914,315914,315914.0,0
2024-10-01,CP020,748819,748819,748819.0,0
2024-10-01,CP022,172000,172000,172000.0,0
2024-10-01,CP023,164000,164000,164000.0,0
2024-11-01,CP001,1479093,1479093,1479093.0,0
2024-11-01,CP002,174000,174000,174000.0,0
2024-11-01,CP004,1479093,1479093,1479093.0,0
2024-11-01,CP005,2723835,2723835,2723835.0,0
2024-11-01,CP006,3609482,3609482,3609482.0,0
2024-11-01,CP007,137300,137300,137300.0,0
2024-11-01,CP008,1818221,1818221,1818221.0,0
2024-11-01,CP009,2511766,2511766,2511766.0,0
2024-11-01,CP010,433200,433200,433200.0,0
2024-11-01,CP011,261700,261700,261700.0,0
2024-11-01,CP013,135000,135000,135000.0,0
2024-11-01,CP014,216200,216200,216200.0,0
2024-11-01,CP015,855000,855000,855000.0,0
2024-11-01,CP016,170000,170000,170000.0,0
2024-11-01,CP019,310700,310700,310700.0,0
2024-11-01,CP020,334000,334000,334000.0,0
2024-11-01,CP022,174000,174000,174000.0,0
2024-11-01,CP024,174000,174000,174000.0,0
2024-12-01,CP001,642300,642300,642300.0,0
2024-12-01,CP002,521000,521000,521000.0,0
2024-12-01,CP004,642300,642300,642300.0,0
2024-12-01,CP005,3603633,3603633,3603633.0,0
2024-12-01,CP006,4999185,4999185,4999185.0,0
2024-12-01,CP007,145952,145952,145952.0,0
2024-12-01,CP008,1859072,1859072,1859072.0,0
2024-12-01,CP009,1745800,1745800,1745800.0,0
2024-12-01,CP010,831408,831408,831408.0,0
2024-12-01,CP011,634682,634682,634682.0,0
2024-12-01,CP014,137100,137100,137100.0,0
2024-12-01,CP015,1188482,1188482,1188482.0,0
2024-12-01,CP016,508000,508000,508000.0,0
2024-12-01,CP019,145952,145952,145952.0,0
2024-12-01,CP020,290755,290755,290755.0,0
2024-12-01,CP022,521000,521000,521000.0,0
