node_id,outgoing_flow,outgoing_edge_records,outgoing_neighbors,incoming_flow,incoming_edge_records,incoming_neighbors,node_type,incident_flow,node_throughput,flow_imbalance,in_degree,out_degree,total_degree
LNGN0328,410471223.0,123.0,3.0,0.0,0.0,0.0,terminal,410471223.0,410471223.0,410471223.0,0.0,3.0,3
CP006,408692535.0,304.0,12.0,408692535.0,181.0,8.0,chokepoint,817385070.0,408692535.0,0.0,8.0,12.0,18
CP005,243620570.0,354.0,18.0,243620570.0,155.0,9.0,chokepoint,487241140.0,243620570.0,0.0,9.0,18.0,25
CP008,231399307.0,523.0,24.0,231399307.0,465.0,19.0,chokepoint,462798614.0,231399307.0,0.0,19.0,24.0,40
CP009,219134605.0,391.0,12.0,219134605.0,380.0,15.0,chokepoint,438269210.0,219134605.0,0.0,15.0,12.0,25
CP011,201722108.0,483.0,22.0,201722108.0,259.0,13.0,chokepoint,403444216.0,201722108.0,0.0,13.0,22.0,34
LNGN0452,175559272.0,305.0,9.0,0.0,0.0,0.0,terminal,175559272.0,175559272.0,175559272.0,0.0,9.0,9
CP001,173751195.0,276.0,16.0,173751195.0,150.0,5.0,chokepoint,347502390.0,173751195.0,0.0,5.0,16.0,19
CP004,172923047.0,196.0,11.0,172923047.0,129.0,6.0,chokepoint,345846094.0,172923047.0,0.0,6.0,11.0,14
LNGN0345,139280195.0,385.0,19.0,0.0,0.0,0.0,terminal,139280195.0,139280195.0,139280195.0,0.0,19.0,19
CP002,109425038.0,158.0,14.0,109425038.0,309.0,15.0,chokepoint,218850076.0,109425038.0,0.0,15.0,14.0,24
CP022,105119015.0,478.0,44.0,105119015.0,130.0,5.0,chokepoint,210238030.0,105119015.0,0.0,5.0,44.0,48
LNGN0261,96162660.0,277.0,16.0,0.0,0.0,0.0,terminal,96162660.0,96162660.0,96162660.0,0.0,16.0,16
LNGN0070,86574571.0,288.0,16.0,0.0,0.0,0.0,terminal,86574571.0,86574571.0,86574571.0,0.0,16.0,16
LNGN0464,0.0,0.0,0.0,80188216.0,144.0,4.0,terminal,80188216.0,80188216.0,80188216.0,4.0,0.0,4
CP015,77479381.0,121.0,7.0,77479381.0,156.0,3.0,chokepoint,154958762.0,77479381.0,0.0,3.0,7.0,10
CP016,74138698.0,334.0,27.0,74138698.0,177.0,5.0,chokepoint,148277396.0,74138698.0,0.0,5.0,27.0,32
LNGN0297,68164083.0,126.0,4.0,0.0,0.0,0.0,terminal,68164083.0,68164083.0,68164083.0,0.0,4.0,4
LNGN0050,67188367.0,252.0,18.0,0.0,0.0,0.0,terminal,67188367.0,67188367.0,67188367.0,0.0,18.0,18
CP020,64269422.0,190.0,13.0,64269422.0,71.0,2.0,chokepoint,128538844.0,64269422.0,0.0,2.0,13.0,15
LNGN0385,0.0,0.0,0.0,61897133.0,152.0,12.0,terminal,61897133.0,61897133.0,61897133.0,12.0,0.0,12
LNGN0132,0.0,0.0,0.0,61110511.0,139.0,4.0,terminal,61110511.0,61110511.0,61110511.0,4.0,0.0,4
LNGN0124,54548298.0,186.0,14.0,0.0,0.0,0.0,terminal,54548298.0,54548298.0,54548298.0,0.0,14.0,14
LNGN0142,53986612.0,116.0,6.0,0.0,0.0,0.0,terminal,53986612.0,53986612.0,53986612.0,0.0,6.0,6
CP017,50733909.0,117.0,3.0,50733909.0,93.0,5.0,chokepoint,101467818.0,50733909.0,0.0,5.0,3.0,8
CP013,49298263.0,102.0,10.0,49298263.0,154.0,8.0,chokepoint,98596526.0,49298263.0,0.0,8.0,10.0,17
LNGN0097,0.0,0.0,0.0,48147148.0,56.0,1.0,terminal,48147148.0,48147148.0,48147148.0,1.0,0.0,1
CP010,47491457.0,205.0,10.0,47491457.0,224.0,10.0,chokepoint,94982914.0,47491457.0,0.0,10.0,10.0,19
LNGN0026,47256334.0,225.0,14.0,0.0,0.0,0.0,terminal,47256334.0,47256334.0,47256334.0,0.0,14.0,14
LNGN0244,0.0,0.0,0.0,46760157.0,125.0,7.0,terminal,46760157.0,46760157.0,46760157.0,7.0,0.0,7
LNGN0121,0.0,0.0,0.0,42309279.0,157.0,6.0,terminal,42309279.0,42309279.0,42309279.0,6.0,0.0,6
LNGN0230,0.0,0.0,0.0,41434553.0,124.0,7.0,terminal,41434553.0,41434553.0,41434553.0,7.0,0.0,7
LNGN0008,0.0,0.0,0.0,41429691.0,75.0,4.0,terminal,41429691.0,41429691.0,41429691.0,4.0,0.0,4
LNGN0181,0.0,0.0,0.0,40756519.0,99.0,6.0,terminal,40756519.0,40756519.0,40756519.0,6.0,0.0,6
CP007,40280738.0,134.0,10.0,40280738.0,99.0,3.0,chokepoint,80561476.0,40280738.0,0.0,3.0,10.0,13
LNGN0381,0.0,0.0,0.0,38242222.0,130.0,6.0,terminal,38242222.0,38242222.0,38242222.0,6.0,0.0,6
CP014,36239475.0,146.0,11.0,36239475.0,86.0,3.0,chokepoint,72478950.0,36239475.0,0.0,3.0,11.0,14
LNGN0130,0.0,0.0,0.0,35097687.0,74.0,4.0,terminal,35097687.0,35097687.0,35097687.0,4.0,0.0,4
LNGN0314,0.0,0.0,0.0,33739792.0,93.0,5.0,terminal,33739792.0,33739792.0,33739792.0,5.0,0.0,5
LNGN0463,0.0,0.0,0.0,33501412.0,145.0,8.0,terminal,33501412.0,33501412.0,33501412.0,8.0,0.0,8
LNGN0374,0.0,0.0,0.0,33419963.0,141.0,11.0,terminal,33419963.0,33419963.0,33419963.0,11.0,0.0,11
LNGN0168,0.0,0.0,0.0,32894585.0,106.0,5.0,terminal,32894585.0,32894585.0,32894585.0,5.0,0.0,5
LNGN0195,0.0,0.0,0.0,31946729.0,115.0,7.0,terminal,31946729.0,31946729.0,31946729.0,7.0,0.0,7
LNGN0144,0.0,0.0,0.0,29007820.0,68.0,3.0,terminal,29007820.0,29007820.0,29007820.0,3.0,0.0,3
LNGN0449,0.0,0.0,0.0,27852477.0,56.0,2.0,terminal,27852477.0,27852477.0,27852477.0,2.0,0.0,2
LNGN0027,27559221.0,137.0,16.0,0.0,0.0,0.0,terminal,27559221.0,27559221.0,27559221.0,0.0,16.0,16
LNGN0166,27501066.0,132.0,15.0,0.0,0.0,0.0,terminal,27501066.0,27501066.0,27501066.0,0.0,15.0,15
LNGN0441,27351270.0,92.0,3.0,0.0,0.0,0.0,terminal,27351270.0,27351270.0,27351270.0,0.0,3.0,3
LNGN0270,0.0,0.0,0.0,26709235.0,106.0,6.0,terminal,26709235.0,26709235.0,26709235.0,6.0,0.0,6
LNGN0037,0.0,0.0,0.0,26554309.0,102.0,11.0,terminal,26554309.0,26554309.0,26554309.0,11.0,0.0,11
LNGN0085,25925546.0,83.0,3.0,0.0,0.0,0.0,terminal,25925546.0,25925546.0,25925546.0,0.0,3.0,3
LNGN0474,0.0,0.0,0.0,25549571.0,52.0,1.0,terminal,25549571.0,25549571.0,25549571.0,1.0,0.0,1
LNGN0186,0.0,0.0,0.0,25325611.0,92.0,5.0,terminal,25325611.0,25325611.0,25325611.0,5.0,0.0,5
LNGN0319,0.0,0.0,0.0,25241681.0,54.0,4.0,terminal,25241681.0,25241681.0,25241681.0,4.0,0.0,4
CP019,25154724.0,117.0,13.0,25154724.0,57.0,3.0,chokepoint,50309448.0,25154724.0,0.0,3.0,13.0,16
LNGN0421,0.0,0.0,0.0,22881432.0,64.0,2.0,terminal,22881432.0,22881432.0,22881432.0,2.0,0.0,2
LNGN0232,0.0,0.0,0.0,21926159.0,87.0,4.0,terminal,21926159.0,21926159.0,21926159.0,4.0,0.0,4
LNGN0178,0.0,0.0,0.0,21561944.0,104.0,10.0,terminal,21561944.0,21561944.0,21561944.0,10.0,0.0,10
LNGN0426,0.0,0.0,0.0,20617467.0,82.0,7.0,terminal,20617467.0,20617467.0,20617467.0,7.0,0.0,7
LNGN0035,0.0,0.0,0.0,20210292.0,90.0,6.0,terminal,20210292.0,20210292.0,20210292.0,6.0,0.0,6
LNGN0056,0.0,0.0,0.0,19229689.0,76.0,5.0,terminal,19229689.0,19229689.0,19229689.0,5.0,0.0,5
LNGN0322,18963563.0,103.0,13.0,0.0,0.0,0.0,terminal,18963563.0,18963563.0,18963563.0,0.0,13.0,13
LNGN0398,0.0,0.0,0.0,18556510.0,65.0,2.0,terminal,18556510.0,18556510.0,18556510.0,2.0,0.0,2
LNGN0460,0.0,0.0,0.0,18494991.0,87.0,5.0,terminal,18494991.0,18494991.0,18494991.0,5.0,0.0,5
LNGN0208,0.0,0.0,0.0,18260770.0,40.0,5.0,terminal,18260770.0,18260770.0,18260770.0,5.0,0.0,5
LNGN0347,0.0,0.0,0.0,17888305.0,71.0,6.0,terminal,17888305.0,17888305.0,17888305.0,6.0,0.0,6
LNGN0437,0.0,0.0,0.0,16993637.0,52.0,3.0,terminal,16993637.0,16993637.0,16993637.0,3.0,0.0,3
LNGN0210,0.0,0.0,0.0,16836503.0,55.0,3.0,terminal,16836503.0,16836503.0,16836503.0,3.0,0.0,3
LNGN0473,0.0,0.0,0.0,14199746.0,55.0,6.0,terminal,14199746.0,14199746.0,14199746.0,6.0,0.0,6
LNGN0173,0.0,0.0,0.0,14162250.0,69.0,5.0,terminal,14162250.0,14162250.0,14162250.0,5.0,0.0,5
LNGN0040,0.0,0.0,0.0,14027114.0,61.0,3.0,terminal,14027114.0,14027114.0,14027114.0,3.0,0.0,3
LNGN0136,0.0,0.0,0.0,14003260.0,42.0,5.0,terminal,14003260.0,14003260.0,14003260.0,5.0,0.0,5
LNGN0378,13911700.0,106.0,8.0,0.0,0.0,0.0,terminal,13911700.0,13911700.0,13911700.0,0.0,8.0,8
LNGN0191,0.0,0.0,0.0,13666692.0,47.0,3.0,terminal,13666692.0,13666692.0,13666692.0,3.0,0.0,3
LNGN0083,13076708.0,64.0,14.0,0.0,0.0,0.0,terminal,13076708.0,13076708.0,13076708.0,0.0,14.0,14
LNGN0207,0.0,0.0,0.0,13018878.0,53.0,2.0,terminal,13018878.0,13018878.0,13018878.0,2.0,0.0,2
LNGN0248,0.0,0.0,0.0,11880110.0,58.0,6.0,terminal,11880110.0,11880110.0,11880110.0,6.0,0.0,6
LNGN0359,0.0,0.0,0.0,11850584.0,61.0,6.0,terminal,11850584.0,11850584.0,11850584.0,6.0,0.0,6
LNGN0363,0.0,0.0,0.0,10670003.0,48.0,3.0,terminal,10670003.0,10670003.0,10670003.0,3.0,0.0,3
LNGN0100,0.0,0.0,0.0,10237531.0,23.0,2.0,terminal,10237531.0,10237531.0,10237531.0,2.0,0.0,2
LNGN0309,10077136.0,41.0,5.0,0.0,0.0,0.0,terminal,10077136.0,10077136.0,10077136.0,0.0,5.0,5
LNGN0312,9672643.0,50.0,6.0,0.0,0.0,0.0,terminal,9672643.0,9672643.0,9672643.0,0.0,6.0,6
LNGN0423,9627038.0,65.0,13.0,0.0,0.0,0.0,terminal,9627038.0,9627038.0,9627038.0,0.0,13.0,13
LNGN0274,9585942.0,46.0,8.0,0.0,0.0,0.0,terminal,9585942.0,9585942.0,9585942.0,0.0,8.0,8
LNGN0331,0.0,0.0,0.0,9347836.0,46.0,6.0,terminal,9347836.0,9347836.0,9347836.0,6.0,0.0,6
LNGN0103,9323040.0,54.0,12.0,0.0,0.0,0.0,terminal,9323040.0,9323040.0,9323040.0,0.0,12.0,12
LNGN0472,0.0,0.0,0.0,8109570.0,40.0,3.0,terminal,8109570.0,8109570.0,8109570.0,3.0,0.0,3
LNGN0428,0.0,0.0,0.0,7895947.0,36.0,5.0,terminal,7895947.0,7895947.0,7895947.0,5.0,0.0,5
LNGN0324,0.0,0.0,0.0,7678819.0,35.0,3.0,terminal,7678819.0,7678819.0,7678819.0,3.0,0.0,3
LNGN0351,6920320.0,43.0,11.0,0.0,0.0,0.0,terminal,6920320.0,6920320.0,6920320.0,0.0,11.0,11
LNGN0170,0.0,0.0,0.0,6766743.0,32.0,3.0,terminal,6766743.0,6766743.0,6766743.0,3.0,0.0,3
LNGN0052,6477200.0,35.0,5.0,0.0,0.0,0.0,terminal,6477200.0,6477200.0,6477200.0,0.0,5.0,5
LNGN0238,0.0,0.0,0.0,5684743.0,16.0,1.0,terminal,5684743.0,5684743.0,5684743.0,1.0,0.0,1
LNGN0175,0.0,0.0,0.0,5553437.0,28.0,7.0,terminal,5553437.0,5553437.0,5553437.0,7.0,0.0,7
LNGN0098,0.0,0.0,0.0,5217409.0,30.0,5.0,terminal,5217409.0,5217409.0,5217409.0,5.0,0.0,5
LNGN0435,5152512.0,134.0,6.0,0.0,0.0,0.0,terminal,5152512.0,5152512.0,5152512.0,0.0,6.0,6
LNGN0405,0.0,0.0,0.0,4982607.0,26.0,4.0,terminal,4982607.0,4982607.0,4982607.0,4.0,0.0,4
LNGN0251,0.0,0.0,0.0,4941712.0,27.0,4.0,terminal,4941712.0,4941712.0,4941712.0,4.0,0.0,4
LNGN0237,0.0,0.0,0.0,4936864.0,25.0,1.0,terminal,4936864.0,4936864.0,4936864.0,1.0,0.0,1
LNGN0442,0.0,0.0,0.0,4861047.0,25.0,7.0,terminal,4861047.0,4861047.0,4861047.0,7.0,0.0,7
LNGN0101,4836446.0,27.0,9.0,0.0,0.0,0.0,terminal,4836446.0,4836446.0,4836446.0,0.0,9.0,9
LNGN0278,0.0,0.0,0.0,4832000.0,35.0,2.0,terminal,4832000.0,4832000.0,4832000.0,2.0,0.0,2
LNGN0206,4831331.0,16.0,2.0,0.0,0.0,0.0,terminal,4831331.0,4831331.0,4831331.0,0.0,2.0,2
LNGN0081,0.0,0.0,0.0,4798522.0,25.0,4.0,terminal,4798522.0,4798522.0,4798522.0,4.0,0.0,4
CP018,4634990.0,26.0,5.0,4634990.0,24.0,2.0,chokepoint,9269980.0,4634990.0,0.0,2.0,5.0,7
LNGN0285,0.0,0.0,0.0,4614360.0,29.0,4.0,terminal,4614360.0,4614360.0,4614360.0,4.0,0.0,4
CP024,4562176.0,25.0,11.0,4562176.0,23.0,7.0,chokepoint,9124352.0,4562176.0,0.0,7.0,11.0,16
LNGN0156,0.0,0.0,0.0,4106603.0,24.0,5.0,terminal,4106603.0,4106603.0,4106603.0,5.0,0.0,5
LNGN0025,0.0,0.0,0.0,4057102.0,15.0,1.0,terminal,4057102.0,4057102.0,4057102.0,1.0,0.0,1
LNGN0079,0.0,0.0,0.0,4018271.0,23.0,3.0,terminal,4018271.0,4018271.0,4018271.0,3.0,0.0,3
LNGN0150,0.0,0.0,0.0,3972192.0,24.0,4.0,terminal,3972192.0,3972192.0,3972192.0,4.0,0.0,4
LNGN0308,3913073.0,19.0,3.0,0.0,0.0,0.0,terminal,3913073.0,3913073.0,3913073.0,0.0,3.0,3
LNGN0076,0.0,0.0,0.0,3767093.0,20.0,9.0,terminal,3767093.0,3767093.0,3767093.0,9.0,0.0,9
LNGN0108,0.0,0.0,0.0,3744182.0,22.0,3.0,terminal,3744182.0,3744182.0,3744182.0,3.0,0.0,3
LNGN0354,0.0,0.0,0.0,3592288.0,18.0,3.0,terminal,3592288.0,3592288.0,3592288.0,3.0,0.0,3
LNGN0453,0.0,0.0,0.0,3493086.0,22.0,3.0,terminal,3493086.0,3493086.0,3493086.0,3.0,0.0,3
LNGN0163,0.0,0.0,0.0,3384890.0,19.0,5.0,terminal,3384890.0,3384890.0,3384890.0,5.0,0.0,5
LNGN0372,0.0,0.0,0.0,3188901.0,17.0,3.0,terminal,3188901.0,3188901.0,3188901.0,3.0,0.0,3
LNGN0294,0.0,0.0,0.0,2999201.0,16.0,4.0,terminal,2999201.0,2999201.0,2999201.0,4.0,0.0,4
LNGN0429,0.0,0.0,0.0,2952414.0,17.0,4.0,terminal,2952414.0,2952414.0,2952414.0,4.0,0.0,4
LNGN0287,0.0,0.0,0.0,2823754.0,19.0,3.0,terminal,2823754.0,2823754.0,2823754.0,3.0,0.0,3
LNGN0055,0.0,0.0,0.0,2730574.0,13.0,6.0,terminal,2730574.0,2730574.0,2730574.0,6.0,0.0,6
LNGN0272,0.0,0.0,0.0,2722532.0,15.0,4.0,terminal,2722532.0,2722532.0,2722532.0,4.0,0.0,4
LNGN0182,0.0,0.0,0.0,2638102.0,15.0,2.0,terminal,2638102.0,2638102.0,2638102.0,2.0,0.0,2
LNGN0199,0.0,0.0,0.0,2571364.0,16.0,4.0,terminal,2571364.0,2571364.0,2571364.0,4.0,0.0,4
LNGN0059,0.0,0.0,0.0,2442043.0,14.0,5.0,terminal,2442043.0,2442043.0,2442043.0,5.0,0.0,5
LNGN0288,2224713.0,11.0,6.0,0.0,0.0,0.0,terminal,2224713.0,2224713.0,2224713.0,0.0,6.0,6
LNGN0112,0.0,0.0,0.0,2210813.0,16.0,2.0,terminal,2210813.0,2210813.0,2210813.0,2.0,0.0,2
LNGN0291,0.0,0.0,0.0,2191580.0,13.0,3.0,terminal,2191580.0,2191580.0,2191580.0,3.0,0.0,3
LNGN0074,0.0,0.0,0.0,2152819.0,12.0,1.0,terminal,2152819.0,2152819.0,2152819.0,1.0,0.0,1
CP023,2051073.0,12.0,8.0,2051073.0,12.0,5.0,chokepoint,4102146.0,2051073.0,0.0,5.0,8.0,12
LNGN0258,0.0,0.0,0.0,1974420.0,12.0,3.0,terminal,1974420.0,1974420.0,1974420.0,3.0,0.0,3
LNGN0039,1935822.0,11.0,1.0,0.0,0.0,0.0,terminal,1935822.0,1935822.0,1935822.0,0.0,1.0,1
LNGN0164,0.0,0.0,0.0,1901423.0,12.0,1.0,terminal,1901423.0,1901423.0,1901423.0,1.0,0.0,1
LNGN0241,0.0,0.0,0.0,1808862.0,13.0,1.0,terminal,1808862.0,1808862.0,1808862.0,1.0,0.0,1
LNGN0268,0.0,0.0,0.0,1765857.0,11.0,3.0,terminal,1765857.0,1765857.0,1765857.0,3.0,0.0,3
LNGN0425,0.0,0.0,0.0,1715368.0,12.0,3.0,terminal,1715368.0,1715368.0,1715368.0,3.0,0.0,3
LNGN0102,0.0,0.0,0.0,1614000.0,8.0,1.0,terminal,1614000.0,1614000.0,1614000.0,1.0,0.0,1
CP021,1517158.0,8.0,1.0,1517158.0,8.0,2.0,chokepoint,3034316.0,1517158.0,0.0,2.0,1.0,3
LNGN0250,0.0,0.0,0.0,1499588.0,9.0,1.0,terminal,1499588.0,1499588.0,1499588.0,1.0,0.0,1
LNGN0362,0.0,0.0,0.0,1496800.0,9.0,3.0,terminal,1496800.0,1496800.0,1496800.0,3.0,0.0,3
LNGN0348,0.0,0.0,0.0,1443630.0,6.0,2.0,terminal,1443630.0,1443630.0,1443630.0,2.0,0.0,2
LNGN0013,1352400.0,8.0,7.0,0.0,0.0,0.0,terminal,1352400.0,1352400.0,1352400.0,0.0,7.0,7
LNGN0427,0.0,0.0,0.0,1292907.0,48.0,1.0,terminal,1292907.0,1292907.0,1292907.0,1.0,0.0,1
LNGN0382,0.0,0.0,0.0,1290348.0,7.0,3.0,terminal,1290348.0,1290348.0,1290348.0,3.0,0.0,3
LNGN0143,0.0,0.0,0.0,1218000.0,7.0,4.0,terminal,1218000.0,1218000.0,1218000.0,4.0,0.0,4
LNGN0045,0.0,0.0,0.0,1176608.0,7.0,4.0,terminal,1176608.0,1176608.0,1176608.0,4.0,0.0,4
LNGN0391,0.0,0.0,0.0,1169500.0,6.0,5.0,terminal,1169500.0,1169500.0,1169500.0,5.0,0.0,5
LNGN0447,0.0,0.0,0.0,1093673.0,7.0,1.0,terminal,1093673.0,1093673.0,1093673.0,1.0,0.0,1
LNGN0109,0.0,0.0,0.0,1008000.0,6.0,3.0,terminal,1008000.0,1008000.0,1008000.0,3.0,0.0,3
LNGN0044,0.0,0.0,0.0,927380.0,31.0,2.0,terminal,927380.0,927380.0,927380.0,2.0,0.0,2
LNGN0307,0.0,0.0,0.0,856000.0,5.0,2.0,terminal,856000.0,856000.0,856000.0,2.0,0.0,2
LNGN0222,0.0,0.0,0.0,851628.0,34.0,2.0,terminal,851628.0,851628.0,851628.0,2.0,0.0,2
LNGN0180,790000.0,4.0,2.0,0.0,0.0,0.0,terminal,790000.0,790000.0,790000.0,0.0,2.0,2
LNGN0174,0.0,0.0,0.0,765977.0,5.0,2.0,terminal,765977.0,765977.0,765977.0,2.0,0.0,2
LNGN0148,0.0,0.0,0.0,694717.0,4.0,2.0,terminal,694717.0,694717.0,694717.0,2.0,0.0,2
CP012,680800.0,3.0,2.0,680800.0,4.0,2.0,chokepoint,1361600.0,680800.0,0.0,2.0,2.0,4
LNGN0212,0.0,0.0,0.0,622430.0,4.0,3.0,terminal,622430.0,622430.0,622430.0,3.0,0.0,3
LNGN0087,0.0,0.0,0.0,615675.0,4.0,1.0,terminal,615675.0,615675.0,615675.0,1.0,0.0,1
LNGN0190,0.0,0.0,0.0,588219.0,4.0,2.0,terminal,588219.0,588219.0,588219.0,2.0,0.0,2
LNGN0293,0.0,0.0,0.0,585000.0,9.0,1.0,terminal,585000.0,585000.0,585000.0,1.0,0.0,1
LNGN0253,0.0,0.0,0.0,520800.0,2.0,1.0,terminal,520800.0,520800.0,520800.0,1.0,0.0,1
LNGN0219,0.0,0.0,0.0,510342.0,3.0,3.0,terminal,510342.0,510342.0,510342.0,3.0,0.0,3
LNGN0334,501566.0,22.0,3.0,0.0,0.0,0.0,terminal,501566.0,501566.0,501566.0,0.0,3.0,3
LNGN0006,0.0,0.0,0.0,499148.0,3.0,1.0,terminal,499148.0,499148.0,499148.0,1.0,0.0,1
LNGN0004,0.0,0.0,0.0,486158.0,3.0,1.0,terminal,486158.0,486158.0,486158.0,1.0,0.0,1
LNGN0031,0.0,0.0,0.0,348000.0,2.0,1.0,terminal,348000.0,348000.0,348000.0,1.0,0.0,1
LNGN0290,0.0,0.0,0.0,333800.0,2.0,1.0,terminal,333800.0,333800.0,333800.0,1.0,0.0,1
LNGN0017,0.0,0.0,0.0,329000.0,2.0,1.0,terminal,329000.0,329000.0,329000.0,1.0,0.0,1
LNGN0165,0.0,0.0,0.0,328442.0,3.0,2.0,terminal,328442.0,328442.0,328442.0,2.0,0.0,2
LNGN0122,0.0,0.0,0.0,268783.0,12.0,2.0,terminal,268783.0,268783.0,268783.0,2.0,0.0,2
LNGN0176,0.0,0.0,0.0,180000.0,2.0,2.0,terminal,180000.0,180000.0,180000.0,2.0,0.0,2
LNGN0299,0.0,0.0,0.0,180000.0,6.0,1.0,terminal,180000.0,180000.0,180000.0,1.0,0.0,1
LNGN0069,174000.0,1.0,1.0,0.0,0.0,0.0,terminal,174000.0,174000.0,174000.0,0.0,1.0,1
LNGN0075,174000.0,1.0,1.0,0.0,0.0,0.0,terminal,174000.0,174000.0,174000.0,0.0,1.0,1
LNGN0344,0.0,0.0,0.0,174000.0,1.0,1.0,terminal,174000.0,174000.0,174000.0,1.0,0.0,1
LNGN0138,174000.0,1.0,1.0,0.0,0.0,0.0,terminal,174000.0,174000.0,174000.0,0.0,1.0,1
LNGN0243,0.0,0.0,0.0,174000.0,1.0,1.0,terminal,174000.0,174000.0,174000.0,1.0,0.0,1
LNGN0364,0.0,0.0,0.0,174000.0,1.0,1.0,terminal,174000.0,174000.0,174000.0,1.0,0.0,1
LNGN0115,0.0,0.0,0.0,172000.0,1.0,1.0,terminal,172000.0,172000.0,172000.0,1.0,0.0,1
LNGN0361,0.0,0.0,0.0,159800.0,1.0,1.0,terminal,159800.0,159800.0,159800.0,1.0,0.0,1
LNGN0262,0.0,0.0,0.0,138000.0,1.0,1.0,terminal,138000.0,138000.0,138000.0,1.0,0.0,1
