metric,previous_month,current_month,spearman_rank_correlation
node_throughput,2020-01-01,2020-02-01,0.8528035945559911
node_throughput,2020-02-01,2020-03-01,0.8229262851196063
node_throughput,2020-03-01,2020-04-01,0.7922247033661738
node_throughput,2020-04-01,2020-05-01,0.7833127932838889
node_throughput,2020-05-01,2020-06-01,0.7440924631200488
node_throughput,2020-06-01,2020-07-01,0.7069820636374349
node_throughput,2020-07-01,2020-08-01,0.7433948883342556
node_throughput,2020-08-01,2020-09-01,0.7166957165791449
node_throughput,2020-09-01,2020-10-01,0.8036710595298611
node_throughput,2020-10-01,2020-11-01,0.8124282818370305
node_throughput,2020-11-01,2020-12-01,0.7533630789647653
node_throughput,2020-12-01,2021-01-01,0.7809612954632945
node_throughput,2021-01-01,2021-02-01,0.7078009672796338
node_throughput,2021-02-01,2021-03-01,0.79849376025758
node_throughput,2021-03-01,2021-04-01,0.8406779516460735
node_throughput,2021-04-01,2021-05-01,0.8264121108142959
node_throughput,2021-05-01,2021-06-01,0.7787229999252544
node_throughput,2021-06-01,2021-07-01,0.8245715080571056
node_throughput,2021-07-01,2021-08-01,0.8052823722304379
node_throughput,2021-08-01,2021-09-01,0.7974024097395453
node_throughput,2021-09-01,2021-10-01,0.8858342973164084
node_throughput,2021-10-01,2021-11-01,0.845390263772456
node_throughput,2021-11-01,2021-12-01,0.7971316440504754
node_throughput,2021-12-01,2022-01-01,0.7884083295003337
node_throughput,2022-01-01,2022-02-01,0.8147481741451301
node_throughput,2022-02-01,2022-03-01,0.8239709705719567
node_throughput,2022-03-01,2022-04-01,0.8468096423254489
node_throughput,2022-04-01,2022-05-01,0.8513083547196061
node_throughput,2022-05-01,2022-06-01,0.8432311524852549
node_throughput,2022-06-01,2022-07-01,0.8334070937751376
node_throughput,2022-07-01,2022-08-01,0.832538750944778
node_throughput,2022-08-01,2022-09-01,0.8274190370570431
node_throughput,2022-09-01,2022-10-01,0.8382403493355406
node_throughput,2022-10-01,2022-11-01,0.8602399868712606
node_throughput,2022-11-01,2022-12-01,0.8453161550251257
node_throughput,2022-12-01,2023-01-01,0.8508073534023238
node_throughput,2023-01-01,2023-02-01,0.8076410917139263
node_throughput,2023-02-01,2023-03-01,0.811989067620312
node_throughput,2023-03-01,2023-04-01,0.7994057899772246
node_throughput,2023-04-01,2023-05-01,0.7821150445622299
node_throughput,2023-05-01,2023-06-01,0.8424841236473459
node_throughput,2023-06-01,2023-07-01,0.7654748200415173
node_throughput,2023-07-01,2023-08-01,0.7684141841188524
node_throughput,2023-08-01,2023-09-01,0.8016380096344891
node_throughput,2023-09-01,2023-10-01,0.8072997762411053
node_throughput,2023-10-01,2023-11-01,0.8056524388502186
node_throughput,2023-11-01,2023-12-01,0.8156088616175083
node_throughput,2023-12-01,2024-01-01,0.806560334123108
node_throughput,2024-01-01,2024-02-01,0.8117481509962976
node_throughput,2024-02-01,2024-03-01,0.8420637410662872
node_throughput,2024-03-01,2024-04-01,0.8172985518912234
node_throughput,2024-04-01,2024-05-01,0.7170145067963315
node_throughput,2024-05-01,2024-06-01,0.727769578435499
node_throughput,2024-06-01,2024-07-01,0.6897813798018552
node_throughput,2024-07-01,2024-08-01,0.7152890316631417
node_throughput,2024-08-01,2024-09-01,0.6707444891003786
node_throughput,2024-09-01,2024-10-01,0.7594839850617974
node_throughput,2024-10-01,2024-11-01,0.6759416719278067
node_throughput,2024-11-01,2024-12-01,0.7232006560697049
total_voyages,2020-01-01,2020-02-01,0.8487913258398642
total_voyages,2020-02-01,2020-03-01,0.8225516468245845
total_voyages,2020-03-01,2020-04-01,0.7917428548722902
total_voyages,2020-04-01,2020-05-01,0.7758231551254821
total_voyages,2020-05-01,2020-06-01,0.7311598144067986
total_voyages,2020-06-01,2020-07-01,0.7068336419602392
total_voyages,2020-07-01,2020-08-01,0.7542682689319423
total_voyages,2020-08-01,2020-09-01,0.7304495233267947
total_voyages,2020-09-01,2020-10-01,0.8094403422287827
total_voyages,2020-10-01,2020-11-01,0.8122464945658684
total_voyages,2020-11-01,2020-12-01,0.7578885872679707
total_voyages,2020-12-01,2021-01-01,0.771170541428753
total_voyages,2021-01-01,2021-02-01,0.7080869353712892
total_voyages,2021-02-01,2021-03-01,0.8083356333876597
total_voyages,2021-03-01,2021-04-01,0.8406622156368412
total_voyages,2021-04-01,2021-05-01,0.82981818022806
total_voyages,2021-05-01,2021-06-01,0.7919129889705786
total_voyages,2021-06-01,2021-07-01,0.8146188396326497
total_voyages,2021-07-01,2021-08-01,0.7985978338736606
total_voyages,2021-08-01,2021-09-01,0.7998568676485897
total_voyages,2021-09-01,2021-10-01,0.8855518343551025
total_voyages,2021-10-01,2021-11-01,0.8468249097595202
total_voyages,2021-11-01,2021-12-01,0.8068925176992606
total_voyages,2021-12-01,2022-01-01,0.7925744410356791
total_voyages,2022-01-01,2022-02-01,0.8255213693369673
total_voyages,2022-02-01,2022-03-01,0.8354590245644474
total_voyages,2022-03-01,2022-04-01,0.8509799792741084
total_voyages,2022-04-01,2022-05-01,0.8536059189276488
total_voyages,2022-05-01,2022-06-01,0.8453207317801148
total_voyages,2022-06-01,2022-07-01,0.8360443671181433
total_voyages,2022-07-01,2022-08-01,0.8376042567671624
total_voyages,2022-08-01,2022-09-01,0.8287874959812523
total_voyages,2022-09-01,2022-10-01,0.8353553696877879
total_voyages,2022-10-01,2022-11-01,0.8642135426158046
total_voyages,2022-11-01,2022-12-01,0.848621969399003
total_voyages,2022-12-01,2023-01-01,0.8454133007463419
total_voyages,2023-01-01,2023-02-01,0.8127216727329802
total_voyages,2023-02-01,2023-03-01,0.8107501404824838
total_voyages,2023-03-01,2023-04-01,0.8026980961621245
total_voyages,2023-04-01,2023-05-01,0.7872678510530547
total_voyages,2023-05-01,2023-06-01,0.8470440401456549
total_voyages,2023-06-01,2023-07-01,0.7791178375850185
total_voyages,2023-07-01,2023-08-01,0.7868844643028106
total_voyages,2023-08-01,2023-09-01,0.8050305980827912
total_voyages,2023-09-01,2023-10-01,0.8243914625547479
total_voyages,2023-10-01,2023-11-01,0.8118222434946767
total_voyages,2023-11-01,2023-12-01,0.8181117068439456
total_voyages,2023-12-01,2024-01-01,0.7989275257744238
total_voyages,2024-01-01,2024-02-01,0.809806959694061
total_voyages,2024-02-01,2024-03-01,0.8403754389295389
total_voyages,2024-03-01,2024-04-01,0.8111802042579135
total_voyages,2024-04-01,2024-05-01,0.7182775886269465
total_voyages,2024-05-01,2024-06-01,0.7077334356511039
total_voyages,2024-06-01,2024-07-01,0.700573668959494
total_voyages,2024-07-01,2024-08-01,0.7264670108453162
total_voyages,2024-08-01,2024-09-01,0.6921145678759667
total_voyages,2024-09-01,2024-10-01,0.7725908282890751
total_voyages,2024-10-01,2024-11-01,0.709085474944987
total_voyages,2024-11-01,2024-12-01,0.7213821659533542
total_route_exposure,2020-01-01,2020-02-01,0.8443176939609636
total_route_exposure,2020-02-01,2020-03-01,0.8258949533775173
total_route_exposure,2020-03-01,2020-04-01,0.7778023702225403
total_route_exposure,2020-04-01,2020-05-01,0.7632579480309981
total_route_exposure,2020-05-01,2020-06-01,0.7215594844385206
total_route_exposure,2020-06-01,2020-07-01,0.7118285304085964
total_route_exposure,2020-07-01,2020-08-01,0.7340084454044563
total_route_exposure,2020-08-01,2020-09-01,0.7349410840530728
total_route_exposure,2020-09-01,2020-10-01,0.8016661167317615
total_route_exposure,2020-10-01,2020-11-01,0.7983694421987068
total_route_exposure,2020-11-01,2020-12-01,0.7369243662511086
total_route_exposure,2020-12-01,2021-01-01,0.7636235492187822
total_route_exposure,2021-01-01,2021-02-01,0.6985049976701482
total_route_exposure,2021-02-01,2021-03-01,0.7965203971297106
total_route_exposure,2021-03-01,2021-04-01,0.8235044018384184
total_route_exposure,2021-04-01,2021-05-01,0.8078421900649324
total_route_exposure,2021-05-01,2021-06-01,0.7814417134604182
total_route_exposure,2021-06-01,2021-07-01,0.8061818011632509
total_route_exposure,2021-07-01,2021-08-01,0.792820487028784
total_route_exposure,2021-08-01,2021-09-01,0.7838042768948162
total_route_exposure,2021-09-01,2021-10-01,0.871959985570652
total_route_exposure,2021-10-01,2021-11-01,0.8346371741437134
total_route_exposure,2021-11-01,2021-12-01,0.7980324593100245
total_route_exposure,2021-12-01,2022-01-01,0.7763727999679164
total_route_exposure,2022-01-01,2022-02-01,0.8189600946765232
total_route_exposure,2022-02-01,2022-03-01,0.8149676041732967
total_route_exposure,2022-03-01,2022-04-01,0.8464821443816489
total_route_exposure,2022-04-01,2022-05-01,0.8409917356918796
total_route_exposure,2022-05-01,2022-06-01,0.8242478667341916
total_route_exposure,2022-06-01,2022-07-01,0.8391415675047431
total_route_exposure,2022-07-01,2022-08-01,0.8392444045882945
total_route_exposure,2022-08-01,2022-09-01,0.8189299831232744
total_route_exposure,2022-09-01,2022-10-01,0.8292475649605928
total_route_exposure,2022-10-01,2022-11-01,0.8501029693454016
total_route_exposure,2022-11-01,2022-12-01,0.8274145892958151
total_route_exposure,2022-12-01,2023-01-01,0.8310402713880488
total_route_exposure,2023-01-01,2023-02-01,0.806859113625106
total_route_exposure,2023-02-01,2023-03-01,0.8062700654894125
total_route_exposure,2023-03-01,2023-04-01,0.7772504086692094
total_route_exposure,2023-04-01,2023-05-01,0.7486327937488164
total_route_exposure,2023-05-01,2023-06-01,0.8314558920947539
total_route_exposure,2023-06-01,2023-07-01,0.7601072802251359
total_route_exposure,2023-07-01,2023-08-01,0.7627418968785518
total_route_exposure,2023-08-01,2023-09-01,0.7971306888990584
total_route_exposure,2023-09-01,2023-10-01,0.8018451870993891
total_route_exposure,2023-10-01,2023-11-01,0.7976407560365729
total_route_exposure,2023-11-01,2023-12-01,0.7859095622254503
total_route_exposure,2023-12-01,2024-01-01,0.7842611172923292
total_route_exposure,2024-01-01,2024-02-01,0.7979112092458157
total_route_exposure,2024-02-01,2024-03-01,0.830044647042681
total_route_exposure,2024-03-01,2024-04-01,0.7963802422811619
total_route_exposure,2024-04-01,2024-05-01,0.6907084112876322
total_route_exposure,2024-05-01,2024-06-01,0.7149277698370363
total_route_exposure,2024-06-01,2024-07-01,0.6737295336762212
total_route_exposure,2024-07-01,2024-08-01,0.703016466000174
total_route_exposure,2024-08-01,2024-09-01,0.6930739733540409
total_route_exposure,2024-09-01,2024-10-01,0.7658011386539149
total_route_exposure,2024-10-01,2024-11-01,0.6853036463671529
total_route_exposure,2024-11-01,2024-12-01,0.7127480470194042
total_degree,2020-01-01,2020-02-01,0.8406174719789682
total_degree,2020-02-01,2020-03-01,0.8236090020652973
total_degree,2020-03-01,2020-04-01,0.7800056075725996
total_degree,2020-04-01,2020-05-01,0.7575896433096362
total_degree,2020-05-01,2020-06-01,0.7248019421358151
total_degree,2020-06-01,2020-07-01,0.6885608358360422
total_degree,2020-07-01,2020-08-01,0.7248315679021021
total_degree,2020-08-01,2020-09-01,0.7206170958391009
total_degree,2020-09-01,2020-10-01,0.8016146612295925
total_degree,2020-10-01,2020-11-01,0.7852279522371157
total_degree,2020-11-01,2020-12-01,0.7221848903377545
total_degree,2020-12-01,2021-01-01,0.753892133997022
total_degree,2021-01-01,2021-02-01,0.7206452191710149
total_degree,2021-02-01,2021-03-01,0.8070509493583234
total_degree,2021-03-01,2021-04-01,0.7956942320706784
total_degree,2021-04-01,2021-05-01,0.7870449271299105
total_degree,2021-05-01,2021-06-01,0.7654375875597008
total_degree,2021-06-01,2021-07-01,0.7985291618676214
total_degree,2021-07-01,2021-08-01,0.7716881943321756
total_degree,2021-08-01,2021-09-01,0.7739640921263233
total_degree,2021-09-01,2021-10-01,0.8618499229890932
total_degree,2021-10-01,2021-11-01,0.8030512617788873
total_degree,2021-11-01,2021-12-01,0.760548985069263
total_degree,2021-12-01,2022-01-01,0.7555174556240835
total_degree,2022-01-01,2022-02-01,0.8143628243723551
total_degree,2022-02-01,2022-03-01,0.8056870366991729
total_degree,2022-03-01,2022-04-01,0.8261222963792597
total_degree,2022-04-01,2022-05-01,0.8366021031828392
total_degree,2022-05-01,2022-06-01,0.8021404397163961
total_degree,2022-06-01,2022-07-01,0.8162429334773039
total_degree,2022-07-01,2022-08-01,0.8037750787710808
total_degree,2022-08-01,2022-09-01,0.7919172484637634
total_degree,2022-09-01,2022-10-01,0.8149452270295697
total_degree,2022-10-01,2022-11-01,0.8260130536477798
total_degree,2022-11-01,2022-12-01,0.7969179729395967
total_degree,2022-12-01,2023-01-01,0.7975417198467858
total_degree,2023-01-01,2023-02-01,0.804143738272605
total_degree,2023-02-01,2023-03-01,0.7816620906434663
total_degree,2023-03-01,2023-04-01,0.7375752503835143
total_degree,2023-04-01,2023-05-01,0.7153350110230638
total_degree,2023-05-01,2023-06-01,0.8134874719139831
total_degree,2023-06-01,2023-07-01,0.7190156367756136
total_degree,2023-07-01,2023-08-01,0.7499007452988481
total_degree,2023-08-01,2023-09-01,0.7349024716626967
total_degree,2023-09-01,2023-10-01,0.7818534766053384
total_degree,2023-10-01,2023-11-01,0.7597785812117128
total_degree,2023-11-01,2023-12-01,0.7672966400152461
total_degree,2023-12-01,2024-01-01,0.7570488999798529
total_degree,2024-01-01,2024-02-01,0.76726792627842
total_degree,2024-02-01,2024-03-01,0.8259854977874439
total_degree,2024-03-01,2024-04-01,0.7751006577835693
total_degree,2024-04-01,2024-05-01,0.6928708005191854
total_degree,2024-05-01,2024-06-01,0.7137079691795755
total_degree,2024-06-01,2024-07-01,0.6504134732170115
total_degree,2024-07-01,2024-08-01,0.7093479379680789
total_degree,2024-08-01,2024-09-01,0.7107321241000735
total_degree,2024-09-01,2024-10-01,0.7810364009670043
total_degree,2024-10-01,2024-11-01,0.6879012921497614
total_degree,2024-11-01,2024-12-01,0.7133777411632474
total_strength,2020-01-01,2020-02-01,0.8548300873513858
total_strength,2020-02-01,2020-03-01,0.8288031322961623
total_strength,2020-03-01,2020-04-01,0.7980135169422212
total_strength,2020-04-01,2020-05-01,0.7902617962037071
total_strength,2020-05-01,2020-06-01,0.7528994742989795
total_strength,2020-06-01,2020-07-01,0.7086364025834465
total_strength,2020-07-01,2020-08-01,0.7417209613931288
total_strength,2020-08-01,2020-09-01,0.7224125041900602
total_strength,2020-09-01,2020-10-01,0.8110584839171169
total_strength,2020-10-01,2020-11-01,0.8159572887433497
total_strength,2020-11-01,2020-12-01,0.7568130890344114
total_strength,2020-12-01,2021-01-01,0.7854907324489225
total_strength,2021-01-01,2021-02-01,0.7280063782283839
total_strength,2021-02-01,2021-03-01,0.8103109488196792
total_strength,2021-03-01,2021-04-01,0.8365378396828166
total_strength,2021-04-01,2021-05-01,0.8256690879325427
total_strength,2021-05-01,2021-06-01,0.7846372512443679
total_strength,2021-06-01,2021-07-01,0.8314468528092986
total_strength,2021-07-01,2021-08-01,0.8085647325386344
total_strength,2021-08-01,2021-09-01,0.7980080346977952
total_strength,2021-09-01,2021-10-01,0.8865987160739908
total_strength,2021-10-01,2021-11-01,0.8463898724972111
total_strength,2021-11-01,2021-12-01,0.8009698589323769
total_strength,2021-12-01,2022-01-01,0.7922947774975994
total_strength,2022-01-01,2022-02-01,0.8228080991780377
total_strength,2022-02-01,2022-03-01,0.8228332401077769
total_strength,2022-03-01,2022-04-01,0.847125909799897
total_strength,2022-04-01,2022-05-01,0.8571007333835944
total_strength,2022-05-01,2022-06-01,0.846295306318515
total_strength,2022-06-01,2022-07-01,0.8370234239311828
total_strength,2022-07-01,2022-08-01,0.828752729785701
total_strength,2022-08-01,2022-09-01,0.8205802259125108
total_strength,2022-09-01,2022-10-01,0.8397745238347282
total_strength,2022-10-01,2022-11-01,0.8607551325854998
total_strength,2022-11-01,2022-12-01,0.8476669918015411
total_strength,2022-12-01,2023-01-01,0.8537222645738665
total_strength,2023-01-01,2023-02-01,0.8180182806693481
total_strength,2023-02-01,2023-03-01,0.8155585835525857
total_strength,2023-03-01,2023-04-01,0.7949434738338296
total_strength,2023-04-01,2023-05-01,0.7790989855502605
total_strength,2023-05-01,2023-06-01,0.8463243646485095
total_strength,2023-06-01,2023-07-01,0.7610507527913716
total_strength,2023-07-01,2023-08-01,0.7764371514383809
total_strength,2023-08-01,2023-09-01,0.7922598558644453
total_strength,2023-09-01,2023-10-01,0.8068670878840255
total_strength,2023-10-01,2023-11-01,0.8049768719445699
total_strength,2023-11-01,2023-12-01,0.8177627381004002
total_strength,2023-12-01,2024-01-01,0.803467062777891
total_strength,2024-01-01,2024-02-01,0.8105472391051729
total_strength,2024-02-01,2024-03-01,0.8438139914474241
total_strength,2024-03-01,2024-04-01,0.815657385136618
total_strength,2024-04-01,2024-05-01,0.7191009717649366
total_strength,2024-05-01,2024-06-01,0.7290600623740893
total_strength,2024-06-01,2024-07-01,0.6831248405044462
total_strength,2024-07-01,2024-08-01,0.7197518735008056
total_strength,2024-08-01,2024-09-01,0.6808570199347072
total_strength,2024-09-01,2024-10-01,0.7709035362812098
total_strength,2024-10-01,2024-11-01,0.6897696143711328
total_strength,2024-11-01,2024-12-01,0.738949376648153
betweenness,2020-01-01,2020-02-01,0.9502709491269282
betweenness,2020-02-01,2020-03-01,0.9500095019638599
betweenness,2020-03-01,2020-04-01,0.9756490437365352
betweenness,2020-04-01,2020-05-01,0.9996811436780603
betweenness,2020-05-01,2020-06-01,0.9744486595103496
betweenness,2020-06-01,2020-07-01,0.8902363636422418
betweenness,2020-07-01,2020-08-01,0.8973365210744116
betweenness,2020-08-01,2020-09-01,0.9229802251976628
betweenness,2020-09-01,2020-10-01,0.9994060873434855
betweenness,2020-10-01,2020-11-01,0.9752779860994719
betweenness,2020-11-01,2020-12-01,0.951689136194306
betweenness,2020-12-01,2021-01-01,0.9493904406931113
betweenness,2021-01-01,2021-02-01,0.9696612786658322
betweenness,2021-02-01,2021-03-01,0.9751650442074365
betweenness,2021-03-01,2021-04-01,0.9257970245789343
betweenness,2021-04-01,2021-05-01,0.9250588235885512
betweenness,2021-05-01,2021-06-01,0.9339234499419715
betweenness,2021-06-01,2021-07-01,0.9764585861296414
betweenness,2021-07-01,2021-08-01,0.953205389634894
betweenness,2021-08-01,2021-09-01,0.9517876842313522
betweenness,2021-09-01,2021-10-01,0.975797890697917
betweenness,2021-10-01,2021-11-01,0.9757210246452873
betweenness,2021-11-01,2021-12-01,0.9749105037645638
betweenness,2021-12-01,2022-01-01,0.9527452719701581
betweenness,2022-01-01,2022-02-01,0.9758884411624782
betweenness,2022-02-01,2022-03-01,0.9244113853893244
betweenness,2022-03-01,2022-04-01,0.9480824503601384
betweenness,2022-04-01,2022-05-01,0.9769960361982033
betweenness,2022-05-01,2022-06-01,0.9757825826052592
betweenness,2022-06-01,2022-07-01,0.9488288162021059
betweenness,2022-07-01,2022-08-01,0.9488007848771002
betweenness,2022-08-01,2022-09-01,0.925867462056731
betweenness,2022-09-01,2022-10-01,0.9283734588482775
betweenness,2022-10-01,2022-11-01,0.9540939802802798
betweenness,2022-11-01,2022-12-01,0.9536363684573135
betweenness,2022-12-01,2023-01-01,0.9758594487606252
betweenness,2023-01-01,2023-02-01,0.9993157337837253
betweenness,2023-02-01,2023-03-01,0.9241216979258517
betweenness,2023-03-01,2023-04-01,0.9201487223185468
betweenness,2023-04-01,2023-05-01,0.8927759134487129
betweenness,2023-05-01,2023-06-01,0.9702680254339652
betweenness,2023-06-01,2023-07-01,0.9042384586333351
betweenness,2023-07-01,2023-08-01,0.9768524906419213
betweenness,2023-08-01,2023-09-01,0.9011836136599565
betweenness,2023-09-01,2023-10-01,0.9221313240519976
betweenness,2023-10-01,2023-11-01,0.9535812173901753
betweenness,2023-11-01,2023-12-01,0.9767172508303745
betweenness,2023-12-01,2024-01-01,0.9214657774627383
betweenness,2024-01-01,2024-02-01,0.944770331236392
betweenness,2024-02-01,2024-03-01,0.9755278019099848
betweenness,2024-03-01,2024-04-01,0.9465089187962297
betweenness,2024-04-01,2024-05-01,0.9173316924870808
betweenness,2024-05-01,2024-06-01,0.9154685474373141
betweenness,2024-06-01,2024-07-01,0.8006876085662505
betweenness,2024-07-01,2024-08-01,0.9274052674001999
betweenness,2024-08-01,2024-09-01,0.8964857373030428
betweenness,2024-09-01,2024-10-01,0.9401817883309146
betweenness,2024-10-01,2024-11-01,0.8790417946892309
betweenness,2024-11-01,2024-12-01,0.9149417301589258
pagerank,2020-01-01,2020-02-01,0.8065719393005163
pagerank,2020-02-01,2020-03-01,0.7702647389548187
pagerank,2020-03-01,2020-04-01,0.7431119990647225
pagerank,2020-04-01,2020-05-01,0.7265461578940067
pagerank,2020-05-01,2020-06-01,0.6727818275705991
pagerank,2020-06-01,2020-07-01,0.6397341549312955
pagerank,2020-07-01,2020-08-01,0.6990814255871675
pagerank,2020-08-01,2020-09-01,0.6409971809201247
pagerank,2020-09-01,2020-10-01,0.7894565580519977
pagerank,2020-10-01,2020-11-01,0.7424726061611936
pagerank,2020-11-01,2020-12-01,0.6608783062545878
pagerank,2020-12-01,2021-01-01,0.6757136363473412
pagerank,2021-01-01,2021-02-01,0.6188373684809794
pagerank,2021-02-01,2021-03-01,0.7531486017585195
pagerank,2021-03-01,2021-04-01,0.7667908291477497
pagerank,2021-04-01,2021-05-01,0.7638999995321527
pagerank,2021-05-01,2021-06-01,0.7376780645424335
pagerank,2021-06-01,2021-07-01,0.7551021851784054
pagerank,2021-07-01,2021-08-01,0.7267909339709134
pagerank,2021-08-01,2021-09-01,0.7226102399177741
pagerank,2021-09-01,2021-10-01,0.840864363955686
pagerank,2021-10-01,2021-11-01,0.7595548299469489
pagerank,2021-11-01,2021-12-01,0.703905613085211
pagerank,2021-12-01,2022-01-01,0.6928576592991796
pagerank,2022-01-01,2022-02-01,0.7519112897572663
pagerank,2022-02-01,2022-03-01,0.7572895535257063
pagerank,2022-03-01,2022-04-01,0.7709775376009818
pagerank,2022-04-01,2022-05-01,0.8038669797481557
pagerank,2022-05-01,2022-06-01,0.7747886076162899
pagerank,2022-06-01,2022-07-01,0.7641977259667916
pagerank,2022-07-01,2022-08-01,0.7463573970883238
pagerank,2022-08-01,2022-09-01,0.7427838625005964
pagerank,2022-09-01,2022-10-01,0.7348593861101013
pagerank,2022-10-01,2022-11-01,0.7518580057202533
pagerank,2022-11-01,2022-12-01,0.7636529618491393
pagerank,2022-12-01,2023-01-01,0.7891684948568158
pagerank,2023-01-01,2023-02-01,0.7076285343399991
pagerank,2023-02-01,2023-03-01,0.7258624908781367
pagerank,2023-03-01,2023-04-01,0.6710453802004673
pagerank,2023-04-01,2023-05-01,0.6870293578476431
pagerank,2023-05-01,2023-06-01,0.8043155956059337
pagerank,2023-06-01,2023-07-01,0.6729985428226154
pagerank,2023-07-01,2023-08-01,0.6816800150933378
pagerank,2023-08-01,2023-09-01,0.683415118276888
pagerank,2023-09-01,2023-10-01,0.7215632952234822
pagerank,2023-10-01,2023-11-01,0.72725515129032
pagerank,2023-11-01,2023-12-01,0.685759733697496
pagerank,2023-12-01,2024-01-01,0.7082594877307412
pagerank,2024-01-01,2024-02-01,0.6947568088367851
pagerank,2024-02-01,2024-03-01,0.7827140188402197
pagerank,2024-03-01,2024-04-01,0.7191553963165194
pagerank,2024-04-01,2024-05-01,0.5763985754368026
pagerank,2024-05-01,2024-06-01,0.5934917756515526
pagerank,2024-06-01,2024-07-01,0.5388850710427335
pagerank,2024-07-01,2024-08-01,0.6272067531166521
pagerank,2024-08-01,2024-09-01,0.5843455722315479
pagerank,2024-09-01,2024-10-01,0.6614673556649464
pagerank,2024-10-01,2024-11-01,0.597189066043609
pagerank,2024-11-01,2024-12-01,0.630502634770428
eigenvector,2020-01-01,2020-02-01,
eigenvector,2020-02-01,2020-03-01,0.7847646577285723
eigenvector,2020-03-01,2020-04-01,0.7757956720459592
eigenvector,2020-04-01,2020-05-01,0.749698243499434
eigenvector,2020-05-01,2020-06-01,0.6991957478756451
eigenvector,2020-06-01,2020-07-01,0.6776438519789304
eigenvector,2020-07-01,2020-08-01,0.6913080765132316
eigenvector,2020-08-01,2020-09-01,0.6394648823348545
eigenvector,2020-09-01,2020-10-01,0.7148542029875071
eigenvector,2020-10-01,2020-11-01,0.8014822098635812
eigenvector,2020-11-01,2020-12-01,
eigenvector,2020-12-01,2021-01-01,
eigenvector,2021-01-01,2021-02-01,
eigenvector,2021-02-01,2021-03-01,
eigenvector,2021-03-01,2021-04-01,
eigenvector,2021-04-01,2021-05-01,
eigenvector,2021-05-01,2021-06-01,0.6988554145154763
eigenvector,2021-06-01,2021-07-01,0.765783256004445
eigenvector,2021-07-01,2021-08-01,0.7651740308717263
eigenvector,2021-08-01,2021-09-01,0.7113469052505499
eigenvector,2021-09-01,2021-10-01,0.826823056078335
eigenvector,2021-10-01,2021-11-01,0.7661994156958202
eigenvector,2021-11-01,2021-12-01,
eigenvector,2021-12-01,2022-01-01,
eigenvector,2022-01-01,2022-02-01,
eigenvector,2022-02-01,2022-03-01,
eigenvector,2022-03-01,2022-04-01,0.7814147660543813
eigenvector,2022-04-01,2022-05-01,0.8383741517569512
eigenvector,2022-05-01,2022-06-01,0.7667828031946118
eigenvector,2022-06-01,2022-07-01,0.7654808636573885
eigenvector,2022-07-01,2022-08-01,0.7835939950258567
eigenvector,2022-08-01,2022-09-01,0.7695820844416442
eigenvector,2022-09-01,2022-10-01,0.7704999624073586
eigenvector,2022-10-01,2022-11-01,0.7793548205957463
eigenvector,2022-11-01,2022-12-01,0.7808613921747516
eigenvector,2022-12-01,2023-01-01,0.7939180219042169
eigenvector,2023-01-01,2023-02-01,0.6956204523504118
eigenvector,2023-02-01,2023-03-01,0.7170995047900812
eigenvector,2023-03-01,2023-04-01,0.733773878269674
eigenvector,2023-04-01,2023-05-01,0.655107882815057
eigenvector,2023-05-01,2023-06-01,0.7467878994068071
eigenvector,2023-06-01,2023-07-01,0.6548278267248697
eigenvector,2023-07-01,2023-08-01,0.6789854369327503
eigenvector,2023-08-01,2023-09-01,0.683811509060565
eigenvector,2023-09-01,2023-10-01,0.6868338028500248
eigenvector,2023-10-01,2023-11-01,0.7443424851085599
eigenvector,2023-11-01,2023-12-01,0.7220089577336037
eigenvector,2023-12-01,2024-01-01,0.7284637962075912
eigenvector,2024-01-01,2024-02-01,0.7215414846082172
eigenvector,2024-02-01,2024-03-01,0.757137493327825
eigenvector,2024-03-01,2024-04-01,0.690458737039349
eigenvector,2024-04-01,2024-05-01,0.6734799583649334
eigenvector,2024-05-01,2024-06-01,0.6983193340887559
eigenvector,2024-06-01,2024-07-01,0.5891788836693994
eigenvector,2024-07-01,2024-08-01,0.6156170278562724
eigenvector,2024-08-01,2024-09-01,0.6182253753439861
eigenvector,2024-09-01,2024-10-01,0.6943782131516194
eigenvector,2024-10-01,2024-11-01,0.6487247209722072
eigenvector,2024-11-01,2024-12-01,0.7009007051824104
share_monthly_network_flow,2020-01-01,2020-02-01,0.8528035945559911
share_monthly_network_flow,2020-02-01,2020-03-01,0.8229262851196063
share_monthly_network_flow,2020-03-01,2020-04-01,0.7922247033661738
share_monthly_network_flow,2020-04-01,2020-05-01,0.7833127932838889
share_monthly_network_flow,2020-05-01,2020-06-01,0.7440924631200488
share_monthly_network_flow,2020-06-01,2020-07-01,0.7069820636374349
share_monthly_network_flow,2020-07-01,2020-08-01,0.7433948883342556
share_monthly_network_flow,2020-08-01,2020-09-01,0.7166957165791449
share_monthly_network_flow,2020-09-01,2020-10-01,0.8036710595298611
share_monthly_network_flow,2020-10-01,2020-11-01,0.8124282818370305
share_monthly_network_flow,2020-11-01,2020-12-01,0.7533630789647653
share_monthly_network_flow,2020-12-01,2021-01-01,0.7809612954632945
share_monthly_network_flow,2021-01-01,2021-02-01,0.7078009672796338
share_monthly_network_flow,2021-02-01,2021-03-01,0.79849376025758
share_monthly_network_flow,2021-03-01,2021-04-01,0.8406779516460735
share_monthly_network_flow,2021-04-01,2021-05-01,0.8264121108142959
share_monthly_network_flow,2021-05-01,2021-06-01,0.7787229999252544
share_monthly_network_flow,2021-06-01,2021-07-01,0.8245715080571056
share_monthly_network_flow,2021-07-01,2021-08-01,0.8052823722304379
share_monthly_network_flow,2021-08-01,2021-09-01,0.7974024097395453
share_monthly_network_flow,2021-09-01,2021-10-01,0.8858342973164084
share_monthly_network_flow,2021-10-01,2021-11-01,0.845390263772456
share_monthly_network_flow,2021-11-01,2021-12-01,0.7971316440504754
share_monthly_network_flow,2021-12-01,2022-01-01,0.7884083295003337
share_monthly_network_flow,2022-01-01,2022-02-01,0.8147481741451301
share_monthly_network_flow,2022-02-01,2022-03-01,0.8239709705719567
share_monthly_network_flow,2022-03-01,2022-04-01,0.8468096423254489
share_monthly_network_flow,2022-04-01,2022-05-01,0.8513083547196061
share_monthly_network_flow,2022-05-01,2022-06-01,0.8432311524852549
share_monthly_network_flow,2022-06-01,2022-07-01,0.8334070937751376
share_monthly_network_flow,2022-07-01,2022-08-01,0.832538750944778
share_monthly_network_flow,2022-08-01,2022-09-01,0.8274190370570431
share_monthly_network_flow,2022-09-01,2022-10-01,0.8382403493355406
share_monthly_network_flow,2022-10-01,2022-11-01,0.8602399868712606
share_monthly_network_flow,2022-11-01,2022-12-01,0.8453161550251257
share_monthly_network_flow,2022-12-01,2023-01-01,0.8508073534023238
share_monthly_network_flow,2023-01-01,2023-02-01,0.8076410917139263
share_monthly_network_flow,2023-02-01,2023-03-01,0.811989067620312
share_monthly_network_flow,2023-03-01,2023-04-01,0.7994057899772246
share_monthly_network_flow,2023-04-01,2023-05-01,0.7821150445622299
share_monthly_network_flow,2023-05-01,2023-06-01,0.8424841236473459
share_monthly_network_flow,2023-06-01,2023-07-01,0.7654748200415173
share_monthly_network_flow,2023-07-01,2023-08-01,0.7684141841188524
share_monthly_network_flow,2023-08-01,2023-09-01,0.8016380096344891
share_monthly_network_flow,2023-09-01,2023-10-01,0.8072997762411053
share_monthly_network_flow,2023-10-01,2023-11-01,0.8056524388502186
share_monthly_network_flow,2023-11-01,2023-12-01,0.8156088616175083
share_monthly_network_flow,2023-12-01,2024-01-01,0.806560334123108
share_monthly_network_flow,2024-01-01,2024-02-01,0.8117481509962976
share_monthly_network_flow,2024-02-01,2024-03-01,0.8420637410662872
share_monthly_network_flow,2024-03-01,2024-04-01,0.8172985518912234
share_monthly_network_flow,2024-04-01,2024-05-01,0.7170145067963315
share_monthly_network_flow,2024-05-01,2024-06-01,0.727769578435499
share_monthly_network_flow,2024-06-01,2024-07-01,0.6897813798018552
share_monthly_network_flow,2024-07-01,2024-08-01,0.7152890316631417
share_monthly_network_flow,2024-08-01,2024-09-01,0.6707444891003786
share_monthly_network_flow,2024-09-01,2024-10-01,0.7594839850617974
share_monthly_network_flow,2024-10-01,2024-11-01,0.6759416719278067
share_monthly_network_flow,2024-11-01,2024-12-01,0.7232006560697049
