period_month,entity_level,role,entities,total_throughput
2020-01-01,country,inactive,23,0
2020-01-01,country,net_exporter,11,18479869
2020-01-01,country,net_importer,22,18203629
2020-01-01,terminal,exporter,21,18341749
2020-01-01,terminal,importer,50,18341749
2020-01-01,terminal,inactive,88,0
2020-02-01,country,inactive,26,0
2020-02-01,country,net_exporter,9,20239162
2020-02-01,country,net_importer,21,19963044
2020-02-01,terminal,exporter,17,20101103
2020-02-01,terminal,importer,48,20101103
2020-02-01,terminal,inactive,94,0
2020-03-01,country,inactive,24,0
2020-03-01,country,net_exporter,9,16503208
2020-03-01,country,net_importer,23,16227090
2020-03-01,terminal,exporter,18,16365149
2020-03-01,terminal,importer,43,16365149
2020-03-01,terminal,inactive,98,0
2020-04-01,country,inactive,27,0
2020-04-01,country,net_exporter,9,15672288
2020-04-01,country,net_importer,20,15672288
2020-04-01,terminal,exporter,15,15672288
2020-04-01,terminal,importer,37,15672288
2020-04-01,terminal,inactive,107,0
2020-05-01,country,inactive,23,0
2020-05-01,country,net_exporter,10,17553515
2020-05-01,country,net_importer,23,17553515
2020-05-01,terminal,exporter,18,17691055
2020-05-01,terminal,importer,49,17691055
2020-05-01,terminal,inactive,92,0
2020-06-01,country,inactive,27,0
2020-06-01,country,net_exporter,10,16269069
2020-06-01,country,net_importer,19,15602869
2020-06-01,terminal,exporter,15,15935969
2020-06-01,terminal,importer,46,15935969
2020-06-01,terminal,inactive,98,0
2020-07-01,country,inactive,24,0
2020-07-01,country,net_exporter,10,14030518
2020-07-01,country,net_importer,22,13760518
2020-07-01,terminal,exporter,18,14032618
2020-07-01,terminal,importer,46,14032618
2020-07-01,terminal,inactive,95,0
2020-08-01,country,inactive,24,0
2020-08-01,country,net_exporter,10,12814553
2020-08-01,country,net_importer,22,12538435
2020-08-01,terminal,exporter,20,12811494
2020-08-01,terminal,importer,45,12811494
2020-08-01,terminal,inactive,94,0
2020-09-01,country,inactive,26,0
2020-09-01,country,net_exporter,9,13259229
2020-09-01,country,net_importer,21,12983111
2020-09-01,terminal,exporter,18,13121170
2020-09-01,terminal,importer,50,13121170
2020-09-01,terminal,inactive,91,0
2020-10-01,country,inactive,29,0
2020-10-01,country,net_exporter,8,15015901
2020-10-01,country,net_importer,19,14469783
2020-10-01,terminal,exporter,17,14742842
2020-10-01,terminal,importer,46,14742842
2020-10-01,terminal,inactive,96,0
2020-11-01,country,inactive,25,0
2020-11-01,country,net_exporter,8,15600558
2020-11-01,country,net_importer,23,15600558
2020-11-01,terminal,exporter,17,15600558
2020-11-01,terminal,importer,51,15600558
2020-11-01,terminal,inactive,91,0
2020-12-01,country,inactive,28,0
2020-12-01,country,net_exporter,9,15531274
2020-12-01,country,net_importer,19,15255156
2020-12-01,terminal,exporter,18,15393215
2020-12-01,terminal,importer,41,15393215
2020-12-01,terminal,inactive,100,0
2021-01-01,country,inactive,30,0
2021-01-01,country,net_exporter,9,15343280
2021-01-01,country,net_importer,17,15067162
2021-01-01,terminal,exporter,17,15205221
2021-01-01,terminal,importer,41,15205221
2021-01-01,terminal,inactive,101,0
2021-02-01,country,inactive,26,0
2021-02-01,country,net_exporter,8,16187937
2021-02-01,country,net_importer,22,15917937
2021-02-01,terminal,exporter,16,16052937
2021-02-01,terminal,importer,49,16052937
2021-02-01,terminal,inactive,94,0
2021-03-01,country,inactive,23,0
2021-03-01,country,net_exporter,9,23603869
2021-03-01,country,net_importer,24,23603869
2021-03-01,terminal,exporter,18,23603869
2021-03-01,terminal,importer,55,23603869
2021-03-01,terminal,inactive,86,0
2021-04-01,country,inactive,24,0
2021-04-01,country,net_exporter,11,21671197
2021-04-01,country,net_importer,21,21251197
2021-04-01,terminal,exporter,21,21461197
2021-04-01,terminal,importer,50,21461197
2021-04-01,terminal,inactive,88,0
2021-05-01,country,inactive,21,0
2021-05-01,country,net_exporter,10,23963093
2021-05-01,country,net_importer,25,23110653
2021-05-01,terminal,exporter,18,23536873
2021-05-01,terminal,importer,57,23536873
2021-05-01,terminal,inactive,84,0
2021-06-01,country,inactive,25,0
2021-06-01,country,net_exporter,10,20332199
2021-06-01,country,net_importer,21,19558199
2021-06-01,terminal,exporter,21,19945199
2021-06-01,terminal,importer,54,19945199
2021-06-01,terminal,inactive,84,0
2021-07-01,country,inactive,23,0
2021-07-01,country,net_exporter,9,21769563
2021-07-01,country,net_importer,24,21337563
2021-07-01,terminal,exporter,17,21553563
2021-07-01,terminal,importer,58,21553563
2021-07-01,terminal,inactive,84,0
2021-08-01,country,inactive,21,0
2021-08-01,country,net_exporter,11,19306443
2021-08-01,country,net_importer,24,18180125
2021-08-01,terminal,exporter,20,18743284
2021-08-01,terminal,importer,53,18743284
2021-08-01,terminal,inactive,86,0
2021-09-01,country,inactive,24,0
2021-09-01,country,net_exporter,10,23318954
2021-09-01,country,net_importer,22,22190836
2021-09-01,terminal,exporter,18,22754895
2021-09-01,terminal,importer,54,22754895
2021-09-01,terminal,inactive,87,0
2021-10-01,country,inactive,28,0
2021-10-01,country,net_exporter,9,25376727
2021-10-01,country,net_importer,19,24680409
2021-10-01,terminal,exporter,17,25028568
2021-10-01,terminal,importer,49,25028568
2021-10-01,terminal,inactive,93,0
2021-11-01,country,inactive,24,0
2021-11-01,country,net_exporter,10,20025498
2021-11-01,country,net_importer,22,19755498
2021-11-01,terminal,exporter,20,19890498
2021-11-01,terminal,importer,53,19890498
2021-11-01,terminal,inactive,86,0
2021-12-01,country,inactive,22,0
2021-12-01,country,net_exporter,11,24988095
2021-12-01,country,net_importer,23,24988095
2021-12-01,terminal,exporter,22,24988095
2021-12-01,terminal,importer,51,24988095
2021-12-01,terminal,inactive,86,0
2022-01-01,country,inactive,22,0
2022-01-01,country,net_exporter,11,24941809
2022-01-01,country,net_importer,23,24941809
2022-01-01,terminal,exporter,20,24941809
2022-01-01,terminal,importer,47,24941809
2022-01-01,terminal,inactive,92,0
2022-02-01,country,inactive,24,0
2022-02-01,country,net_exporter,10,20977597
2022-02-01,country,net_importer,22,20701479
2022-02-01,terminal,exporter,19,20839538
2022-02-01,terminal,importer,48,20839538
2022-02-01,terminal,inactive,92,0
2022-03-01,country,inactive,25,0
2022-03-01,country,net_exporter,10,28284957
2022-03-01,country,net_importer,21,28014957
2022-03-01,terminal,exporter,20,28304905
2022-03-01,terminal,importer,52,28304905
2022-03-01,terminal,inactive,87,0
2022-04-01,country,inactive,24,0
2022-04-01,country,net_exporter,10,28831590
2022-04-01,country,net_importer,22,28831590
2022-04-01,terminal,exporter,19,28831590
2022-04-01,terminal,importer,47,28831590
2022-04-01,terminal,inactive,93,0
2022-05-01,country,inactive,20,0
2022-05-01,country,net_exporter,12,28142410
2022-05-01,country,net_importer,24,28142410
2022-05-01,terminal,exporter,23,28142410
2022-05-01,terminal,importer,50,28142410
2022-05-01,terminal,inactive,86,0
2022-06-01,country,inactive,20,0
2022-06-01,country,net_exporter,13,26076970
2022-06-01,country,net_importer,23,25800730
2022-06-01,terminal,exporter,24,25938850
2022-06-01,terminal,importer,57,25938850
2022-06-01,terminal,inactive,78,0
2022-07-01,country,inactive,19,0
2022-07-01,country,net_exporter,14,27381802
2022-07-01,country,net_importer,23,26637402
2022-07-01,terminal,exporter,22,27009602
2022-07-01,terminal,importer,54,27009602
2022-07-01,terminal,inactive,83,0
2022-08-01,country,inactive,18,0
2022-08-01,country,net_exporter,14,26787226
2022-08-01,country,net_importer,24,26510986
2022-08-01,terminal,exporter,21,26649106
2022-08-01,terminal,importer,56,26649106
2022-08-01,terminal,inactive,82,0
2022-09-01,country,inactive,21,0
2022-09-01,country,net_exporter,14,23732136
2022-09-01,country,net_importer,21,23732136
2022-09-01,terminal,exporter,23,23732136
2022-09-01,terminal,importer,55,23732136
2022-09-01,terminal,inactive,81,0
2022-10-01,country,inactive,19,0
2022-10-01,country,net_exporter,14,28547247
2022-10-01,country,net_importer,23,28209909
2022-10-01,terminal,exporter,23,28378578
2022-10-01,terminal,importer,60,28378578
2022-10-01,terminal,inactive,76,0
2022-11-01,country,inactive,19,0
2022-11-01,country,net_exporter,15,28718253
2022-11-01,country,net_importer,22,28682253
2022-11-01,terminal,exporter,24,28700253
2022-11-01,terminal,importer,56,28700253
2022-11-01,terminal,inactive,79,0
2022-12-01,country,inactive,20,0
2022-12-01,country,net_exporter,14,29279060
2022-12-01,country,net_importer,22,28859060
2022-12-01,terminal,exporter,24,29069060
2022-12-01,terminal,importer,54,29069060
2022-12-01,terminal,inactive,81,0
2023-01-01,country,inactive,20,0
2023-01-01,country,net_exporter,13,28429181
2023-01-01,country,net_importer,23,28107003
2023-01-01,terminal,exporter,22,28268092
2023-01-01,terminal,importer,54,28268092
2023-01-01,terminal,inactive,83,0
2023-02-01,country,inactive,13,0
2023-02-01,country,net_exporter,15,32271253
2023-02-01,country,net_importer,28,32004665
2023-02-01,terminal,exporter,28,32137959
2023-02-01,terminal,importer,62,32137959
2023-02-01,terminal,inactive,69,0
2023-03-01,country,inactive,11,0
2023-03-01,country,net_exporter,16,35746784
2023-03-01,country,net_importer,29,34579984
2023-03-01,terminal,exporter,29,36087484
2023-03-01,terminal,importer,66,36087484
2023-03-01,terminal,inactive,64,0
2023-04-01,country,inactive,13,0
2023-04-01,country,net_exporter,13,33169481
2023-04-01,country,net_importer,30,33697481
2023-04-01,terminal,exporter,25,33706754
2023-04-01,terminal,importer,69,33706754
2023-04-01,terminal,inactive,65,0
2023-05-01,country,inactive,13,0
2023-05-01,country,net_exporter,13,34547451
2023-05-01,country,net_importer,30,34459599
2023-05-01,terminal,exporter,27,34638525
2023-05-01,terminal,importer,69,34638525
2023-05-01,terminal,inactive,63,0
2023-06-01,country,inactive,11,0
2023-06-01,country,net_exporter,15,30562826
2023-06-01,country,net_importer,30,30513826
2023-06-01,terminal,exporter,27,30845426
2023-06-01,terminal,importer,64,30845426
2023-06-01,terminal,inactive,68,0
2023-07-01,country,inactive,15,0
2023-07-01,country,net_exporter,12,29838378
2023-07-01,country,net_importer,29,30060522
2023-07-01,terminal,exporter,26,30129450
2023-07-01,terminal,importer,63,30129450
2023-07-01,terminal,inactive,70,0
2023-08-01,country,inactive,15,0
2023-08-01,country,net_exporter,15,28868398
2023-08-01,country,net_importer,26,27966276
2023-08-01,terminal,exporter,23,28552337
2023-08-01,terminal,importer,59,28552337
2023-08-01,terminal,inactive,77,0
2023-09-01,country,inactive,12,0
2023-09-01,country,net_exporter,16,30457793
2023-09-01,country,net_importer,28,30457793
2023-09-01,terminal,exporter,27,31048066
2023-09-01,terminal,importer,64,31048066
2023-09-01,terminal,inactive,68,0
2023-10-01,country,inactive,18,0
2023-10-01,country,net_exporter,11,37368164
2023-10-01,country,net_importer,27,37640164
2023-10-01,terminal,exporter,26,37732437
2023-10-01,terminal,importer,67,37732437
2023-10-01,terminal,inactive,66,0
2023-11-01,country,inactive,11,0
2023-11-01,country,net_exporter,15,33112321
2023-11-01,country,net_importer,30,33687563
2023-11-01,terminal,exporter,31,33538215
2023-11-01,terminal,importer,69,33538215
2023-11-01,terminal,inactive,59,0
2023-12-01,country,inactive,11,0
2023-12-01,country,net_exporter,15,39153009
2023-12-01,country,net_importer,30,37231663
2023-12-01,terminal,exporter,28,38768381
2023-12-01,terminal,importer,77,38768381
2023-12-01,terminal,inactive,54,0
2024-01-01,country,inactive,7,0
2024-01-01,country,net_exporter,14,34756252
2024-01-01,country,net_importer,35,34722292
2024-01-01,terminal,exporter,29,35284545
2024-01-01,terminal,importer,73,35284545
2024-01-01,terminal,inactive,57,0
2024-02-01,country,inactive,12,0
2024-02-01,country,net_exporter,14,34550077
2024-02-01,country,net_importer,30,33457091
2024-02-01,terminal,exporter,29,34218584
2024-02-01,terminal,importer,69,34218584
2024-02-01,terminal,inactive,61,0
2024-03-01,country,inactive,15,0
2024-03-01,country,net_exporter,14,33348725
2024-03-01,country,net_importer,27,32642407
2024-03-01,terminal,exporter,28,33211928
2024-03-01,terminal,importer,68,33211928
2024-03-01,terminal,inactive,63,0
2024-04-01,country,inactive,13,0
2024-04-01,country,net_exporter,16,32109569
2024-04-01,country,net_importer,27,31165851
2024-04-01,terminal,exporter,31,31834679
2024-04-01,terminal,importer,69,31834679
2024-04-01,terminal,inactive,59,0
2024-05-01,country,inactive,17,0
2024-05-01,country,net_exporter,10,23911945
2024-05-01,country,net_importer,29,24265945
2024-05-01,terminal,exporter,24,24579945
2024-05-01,terminal,importer,58,24579945
2024-05-01,terminal,inactive,77,0
2024-06-01,country,inactive,17,0
2024-06-01,country,net_exporter,12,18113160
2024-06-01,country,net_importer,27,18927160
2024-06-01,terminal,exporter,24,18831260
2024-06-01,terminal,importer,42,18831260
2024-06-01,terminal,inactive,93,0
2024-07-01,country,inactive,19,0
2024-07-01,country,net_exporter,11,20157634
2024-07-01,country,net_importer,26,20179634
2024-07-01,terminal,exporter,27,20891007
2024-07-01,terminal,importer,48,20891007
2024-07-01,terminal,inactive,84,0
2024-08-01,country,inactive,17,0
2024-08-01,country,net_exporter,10,17923305
2024-08-01,country,net_importer,29,19794485
2024-08-01,terminal,exporter,24,19815927
2024-08-01,terminal,importer,53,19815927
2024-08-01,terminal,inactive,82,0
2024-09-01,country,inactive,24,0
2024-09-01,country,net_exporter,8,17522219
2024-09-01,country,net_importer,24,18328219
2024-09-01,terminal,exporter,22,18591492
2024-09-01,terminal,importer,45,18591492
2024-09-01,terminal,inactive,92,0
2024-10-01,country,inactive,22,0
2024-10-01,country,net_exporter,10,17369803
2024-10-01,country,net_importer,24,18524003
2024-10-01,terminal,exporter,24,18973395
2024-10-01,terminal,importer,42,18973395
2024-10-01,terminal,inactive,93,0
2024-11-01,country,inactive,24,0
2024-11-01,country,net_exporter,10,11343982
2024-11-01,country,net_importer,22,11343982
2024-11-01,terminal,exporter,20,11479472
2024-11-01,terminal,importer,32,11479472
2024-11-01,terminal,inactive,107,0
2024-12-01,country,inactive,22,0
2024-12-01,country,net_exporter,10,13976992
2024-12-01,country,net_importer,24,13976992
2024-12-01,terminal,exporter,18,14334265
2024-12-01,terminal,importer,40,14334265
2024-12-01,terminal,inactive,101,0
