terminal_id,node_name,infrastructure_type,capacity_mtpa,active_share,mean_throughput,mean_voyage_count,mean_counterparty_count,mean_counterparty_hhi_terminal,mean_counterparty_hhi_country,mean_effective_counterparties_terminal,mean_effective_counterparties_country,mean_max_dependence_generated,mean_weighted_dependence_generated,mean_country_terminal_dependence,mean_import_pagerank,mean_export_pagerank,mean_role_specific_pagerank,mean_role_specific_dependence
LNGN0004,Acajutla FSRU,import,2.15,0.05,162052.666667,1,1,1,1,1,1,,,1,0.0127781408578,0.00850425058966,0.0127781408578,1
LNGN0006,Ain Sokhna Hoegh FSRU,import,4.2,0.05,166382.666667,1,1,1,1,1,1,,,1,0.0155267663203,0.00736698923138,0.0155267663203,1
LNGN0008,Al Zour LNG Import Terminal,import,22,0.666666666667,1035742.275,5.425,2.4,0.652029351107,0.656960181844,1.87294936226,1.834386827,,,1,0.0138193966689,0.00790544580023,0.0138193966689,1
LNGN0013,American LNG Hialeah Terminal,export,0.06,0.1,225400,1.33333333333,1.33333333333,0.888990919294,0.888990919294,1.33241674305,1.33241674305,0.760297581945,0.715548451569,,0.00889834753602,0.0127949948906,0.0127949948906,0.715548451569
LNGN0017,Aqaba Jordan FSRU,import,3.8,0.0333333333333,164500,1,1,1,1,1,1,,,1,0.0130470304815,0.00951835851373,0.0130470304815,1
LNGN0025,Arun LNG Import Terminal,import,3,0.25,270473.466667,1.6,1.4,0.829942526497,0.88137129024,1.35719250966,1.21952223221,,,0.517552288418,0.0151265036447,0.00823078462461,0.0151265036447,0.517552288418
LNGN0026,Arzew-Bethioua LNG Terminal,export,20.84,1,787605.566667,5.35,4.03333333333,0.34344303485,0.456620213557,3.63482531695,2.62397841182,0.827144669775,0.554284585644,,0.0108806991533,0.0224991883441,0.0224991883441,0.554284585644
LNGN0027,Atlantic LNG Terminal,export,12,0.933333333333,492128.946429,3.07142857143,2.89285714286,0.490921489455,0.518129942818,2.78244527476,2.56502828215,0.880079230306,0.626030758657,,0.0108589732156,0.0207581975503,0.0207581975503,0.626030758657
LNGN0031,Bahia FSRU,import,5.6,0.0333333333333,174000,1,1,1,1,1,1,,,0.666666666667,0.0164670128719,0.0105540310403,0.0164670128719,0.666666666667
LNGN0035,Barcelona LNG Terminal,import,12.6,0.85,396280.235294,2.50980392157,2.19607843137,0.582020269391,0.619844641761,2.08102836034,1.93559241504,,,0.203793087171,0.0137999988871,0.00832634807313,0.0137999988871,0.203793087171
LNGN0037,Bilbao LNG Terminal,import,5.1,0.966666666667,457832.913793,2.72413793103,1.89655172414,0.68480678055,0.709053155978,1.7496091417,1.63861038654,,,0.249523758628,0.0137579734239,0.00843145862603,0.0137579734239,0.249523758628
LNGN0039,Bontang LNG Terminal,export,5.75,0.183333333333,175983.818182,1.27272727273,1.18181818182,0.914141414141,1,1.16363636364,1,0.949345022406,0.924017533609,,0.00973417315534,0.0151060599991,0.0151060599991,0.924017533609
LNGN0040,Boryeong LNG Terminal,import,10.8,0.733333333333,318798.045455,1.93181818182,1.70454545455,0.741724163387,0.791912236234,1.67440194871,1.44392876831,,,0.151557446074,0.0134149728607,0.00806337987969,0.0134149728607,0.151557446074
LNGN0044,Brunnsviksholme LNG Terminal,import,0.4,0.466666666667,33120.7142857,1.64285714286,1.10714285714,0.948675385811,0.948675385811,1.09896448337,1.09896448337,,,0.735729022486,0.0136711538648,0.00783346117143,0.0136711538648,0.735729022486
LNGN0045,Brunsbüttel FSRU,import,3.68,0.116666666667,168086.857143,1,1,1,1,1,1,,,0.511161444388,0.00928241484445,0.00661095502765,0.00928241484445,0.511161444388
LNGN0050,Calcasieu Pass LNG Terminal,export,12.06,0.966666666667,1158420.12069,6.81034482759,6.15517241379,0.242453655967,0.280433710075,5.85333928525,4.59382489179,0.871755033449,0.485862622168,,0.0108136996025,0.0277043079283,0.0277043079283,0.485862622168
LNGN0052,Cameroon FLNG Terminal,export,2.4,0.533333333333,202412.5,1.21875,1.09375,0.953214959139,0.968754225257,1.09339203714,1.06248310126,0.354514661714,0.350262277908,,0.00991000389204,0.0101081527891,0.0101081527891,0.350262277908
LNGN0055,Cartagena FSRU (Colombia),import,3.04,0.166666666667,273057.4,1.6,1.4,0.882627065249,0.890905722931,1.34439131845,1.26060225657,,,1,0.0115954225736,0.00727421608876,0.0115954225736,1
LNGN0056,Cartagena LNG Terminal (Spain),import,8.7,0.85,377052.72549,2.35294117647,1.92156862745,0.678178681197,0.713139650727,1.81402933949,1.65695466647,,,0.193302329735,0.0132494501006,0.00823614755969,0.0132494501006,0.193302329735
LNGN0059,Chaozhou LNG Terminal (Huaying),import,6,0.2,203503.583333,1.25,1.16666666667,0.916806895281,0.916806895281,1.166106742,1.166106742,,,0.055547823533,0.0115689497631,0.00776608379711,0.0115689497631,0.055547823533
LNGN0069,Coral South FLNG Terminal,export,3.4,0.0166666666667,174000,1,1,1,1,1,1,0.149974142389,0.149974142389,,0.00878740179494,0.00790091417378,0.00790091417378,0.149974142389
LNGN0070,Corpus Christi LNG Terminal,export,15,0.9,1603232.7963,9.33333333333,7.83333333333,0.231086091317,0.271834937468,6.8903256745,5.04435215885,0.875289556615,0.460609718524,,0.010704834194,0.0307750837267,0.0307750837267,0.460609718524
LNGN0074,Costa Norte LNG Terminal,import,1.5,0.2,179401.583333,1.08333333333,1.08333333333,0.958335090234,1,1.08332630603,1,,,1,0.0107298421129,0.00760941181497,0.0107298421129,1
LNGN0075,Cove Point LNG Export Terminal,export,5.25,0.0166666666667,174000,1,1,1,1,1,1,1,1,,0.0102670064749,0.0151578041818,0.0151578041818,1
LNGN0076,Cove Point LNG Import Terminal,import,13.7,0.216666666667,289776.384615,1.69230769231,1.53846153846,0.785021526847,0.833437545489,1.51473171641,1.38408655865,,,0.709197502019,0.0136604942508,0.00754669100787,0.0136604942508,0.709197502019
LNGN0079,Dabhol LNG Terminal,import,5,0.35,191346.238095,1.19047619048,1.14285714286,0.928732662313,0.928732662313,1.1422152121,1.1422152121,,,0.197161326385,0.012880740973,0.00823572083225,0.012880740973,0.197161326385
LNGN0081,Dalian LNG Terminal,import,10,0.4,199938.416667,1.125,1.125,0.938749410171,0.959545041643,1.12026903299,1.07875290134,,,0.0715325117907,0.0126908667531,0.00833872384992,0.0126908667531,0.0715325117907
LNGN0083,Damietta SEGAS LNG Terminal,export,5,0.45,471433.62963,2.77777777778,2.44444444444,0.569361449852,0.58668057422,2.33888266392,2.16023761581,0.594045573582,0.449839594165,,0.0100081613613,0.0141164040595,0.0141164040595,0.449839594165
LNGN0085,Das Island LNG Terminal,export,6,0.983333333333,439416.033898,3.20338983051,2.74576271186,0.491929389993,0.54653444403,2.60349763551,2.23576920452,0.652062551986,0.420198730015,,0.0108369987732,0.0160750580384,0.0160750580384,0.420198730015
LNGN0087,Delimara FSRU,import,0.5,0.0666666666667,153918.75,1,1,1,1,1,1,,,1,0.0104605328218,0.00678492708853,0.0104605328218,1
LNGN0097,Dunkirk LNG Terminal,import,9.56,0.933333333333,859770.5,5.07142857143,3.10714285714,0.5119711781,0.623412556146,2.58445369561,1.88325483653,,,0.355917910052,0.016055833799,0.00836912300687,0.016055833799,0.355917910052
LNGN0098,Dörtyol FSRU,import,7.5,0.4,217392.041667,1.33333333333,1.33333333333,0.861445685174,0.861445685174,1.33167150895,1.33167150895,,,0.215759745142,0.0128244681535,0.00778549472827,0.0128244681535,0.215759745142
LNGN0100,Eemshaven FSRU,import,5.88,0.333333333333,511876.55,3,2.15,0.588098753659,0.904664965308,2.01830000434,1.18642999326,,,0.268805189893,0.0116894187553,0.00711045902124,0.0116894187553,0.268805189893
LNGN0101,Egyptian LNG Terminal,export,7.2,0.3,268691.444444,1.61111111111,1.61111111111,0.75489647233,0.789606493406,1.60961069136,1.48028410071,0.489592104074,0.406646422363,,0.0095578843445,0.0116608804659,0.0116608804659,0.406646422363
LNGN0102,El Musel LNG Terminal,import,5.88,0.133333333333,201750,1.125,1,1,1,1,1,,,0.0774600536088,0.00912542533602,0.00660500654465,0.00912542533602,0.0774600536088
LNGN0103,Elba Island LNG Terminal,export,2.5,0.616666666667,251974.054054,1.51351351351,1.48648648649,0.784262038377,0.817402975869,1.48449948995,1.39768458521,0.482742797317,0.441352580639,,0.0102559328316,0.0120333982681,0.0120333982681,0.441352580639
LNGN0108,Ennore LNG Terminal,import,5,0.366666666667,170190.090909,1.09090909091,1.04545454545,0.977301716141,0.977301716141,1.0453387377,1.0453387377,,,0.174531873725,0.0114145892544,0.00790717880806,0.0114145892544,0.174531873725
LNGN0109,Escobar FSRU,import,6.1,0.1,168000,1,1,1,1,1,1,,,1,0.0140290884501,0.00748331326501,0.0140290884501,1
LNGN0112,Everett Marine Terminal,import,5.1,0.266666666667,138175.8125,1,1,1,1,1,1,,,0.786647906208,0.012952996411,0.00807276096567,0.012952996411,0.786647906208
LNGN0115,Fangchenggang LNG Terminal,import,0.6,0.0166666666667,172000,1,1,1,1,1,1,,,0.0546643813565,0.0127999133871,0.00859490898165,0.0127999133871,0.0546643813565
LNGN0121,Fos Tonkin LNG Terminal,import,1.2,0.916666666667,769259.618182,5.50909090909,3.52727272727,0.429090685644,0.499073675121,3.07488703848,2.41562552995,,,0.313918151558,0.0186553370429,0.00831296748241,0.0186553370429,0.313918151558
LNGN0122,Fredrikstad LNG Terminal,import,0.1,0.2,22398.5833333,1.08333333333,1,1,1,1,1,,,1,0.0131923134026,0.00771300498751,0.0131923134026,1
LNGN0124,Freeport LNG Terminal,export,15,0.866666666667,1049005.73077,6.07692307692,5.21153846154,0.35692071963,0.386647948093,4.83852992905,3.87096833407,0.848184135533,0.498361059361,,0.0109316335583,0.0249483019954,0.0249483019954,0.498361059361
LNGN0130,GasPort FSRU,import,5,0.9,649957.166667,4.05555555556,1.38888888889,0.866088508303,0.866088508303,1.21511136573,1.21511136573,,,1,0.0122429780613,0.00827003822867,0.0122429780613,1
LNGN0132,Gate LNG Terminal,import,11.76,1,1018508.51667,6.06666666667,4.3,0.361760688458,0.530937576409,3.66039222665,2.24862319653,,,0.910398270036,0.0194720669153,0.00846120357554,0.0194720669153,0.910398270036
LNGN0136,Gibraltar LNG Terminal,import,0.1,0.5,446342,2.53333333333,2.16666666667,0.648443110522,0.75100395837,2.074422502,1.66270011693,,,1,0.0155010654289,0.00808262764099,0.0155010654289,1
LNGN0138,Gladstone LNG Terminal,export,7.8,0.0166666666667,174000,1,1,1,1,1,1,0.5,0.5,,0.0102670064749,0.0116754933068,0.0116754933068,0.5
LNGN0142,Gorgon LNG Terminal,export,15.6,0.966666666667,930803.655172,5.63793103448,4.89655172414,0.276809860117,0.435204445076,4.56490647155,2.72481952651,0.907664936245,0.53064748894,,0.0108027599479,0.0263885756837,0.0263885756837,0.53064748894
LNGN0143,Gorontalo FSRU,import,0.2,0.1,203000,1.16666666667,1.16666666667,0.916666666667,0.916666666667,1.16666666667,1.16666666667,,,0.307758180796,0.0126325605102,0.0075372876975,0.0126325605102,0.307758180796
LNGN0144,Grain LNG Terminal,import,14.3,0.783333333333,617187.659574,3.65957446809,2.55319148936,0.558835762529,0.67561068804,2.28548685391,1.71578885178,,,0.412292357831,0.0150323202576,0.00844669534719,0.0150323202576,0.412292357831
LNGN0148,Guanabara Bay FSRU,import,8.1,0.0666666666667,173679.25,1,1,1,1,1,1,,,0.585991819071,0.0124260191533,0.0082245545222,0.0124260191533,0.585991819071
LNGN0150,Guangxi LNG Terminal,import,3,0.333333333333,198609.6,1.2,1.2,0.916763953813,0.916763953813,1.19954849888,1.19954849888,,,0.0675959189004,0.0126160216983,0.00801167036051,0.0126160216983,0.0675959189004
LNGN0156,Gwangyang LNG Terminal,import,7.1,0.35,195552.52381,1.2380952381,1.19047619048,0.909514986617,0.933323140454,1.17448185226,1.12686828422,,,0.100395200885,0.0135594027423,0.00797434045385,0.0135594027423,0.100395200885
LNGN0163,Hainan Shennan LNG Storage Facility,import,0.27,0.283333333333,199111.176471,1.23529411765,1.23529411765,0.895233287485,0.895233287485,1.19834690234,1.19834690234,,,0.0667927260123,0.0118407523375,0.00818193497798,0.0118407523375,0.0667927260123
LNGN0164,Hakodate LNG Terminal,import,0.2,0.2,158451.916667,1,1,1,1,1,1,,,0.0664640532245,0.0125906331957,0.00801817310849,0.0125906331957,0.0664640532245
LNGN0165,Hamina LNG Terminal,import,0.17,0.05,109480.666667,1,1,1,1,1,1,,,0.590787309957,0.0141802840294,0.00765168820668,0.0141802840294,0.590787309957
LNGN0166,Hammerfest LNG Snohvit Terminal,export,4.2,0.666666666667,687526.65,4.6,3.875,0.330778590881,0.373823473005,3.57488863131,3.3584696207,0.79957067483,0.478545117975,,0.0104264365529,0.0199581050509,0.0199581050509,0.478545117975
LNGN0168,Hazira LNG Terminal,import,5,0.933333333333,587403.303571,3.44642857143,2.58928571429,0.536713006845,0.540863203342,2.35571604867,2.30317511304,,,0.579119890108,0.0177185682004,0.00834064671946,0.0177185682004,0.579119890108
LNGN0170,Higashi Niigata LNG Terminal,import,8.9,0.416666666667,270669.72,1.6,1.52,0.788871353587,0.831676986031,1.51318238142,1.38234043546,,,0.106114322109,0.0140514936284,0.00805856467611,0.0140514936284,0.106114322109
LNGN0173,Himeji LNG Terminal,import,5.5,0.75,314716.666667,2.04444444444,1.73333333333,0.720721189689,0.834292974328,1.69046002165,1.39455531855,,,0.132763717862,0.0144623862878,0.00835638062804,0.0144623862878,0.132763717862
LNGN0174,Hitachi LNG Terminal,import,6.4,0.0833333333333,153195.4,1,1,1,1,1,1,,,0.0521787481374,0.0112765037471,0.00780544407625,0.0112765037471,0.0521787481374
LNGN0175,Hong Kong FSRU,import,6.1,0.35,264449.380952,1.38095238095,1.38095238095,0.839793531227,0.839793531227,1.33472043781,1.33472043781,,,1,0.0111823573284,0.00775013498949,0.0111823573284,1
LNGN0176,Hongmei LNG Terminal,import,1.5,0.0333333333333,90000,1,1,1,1,1,1,,,0.0215641905477,0.00881780107979,0.00608503836531,0.00881780107979,0.0215641905477
LNGN0178,Huelva LNG Terminal,import,8.7,0.9,399295.259259,2.48148148148,1.92592592593,0.655566833964,0.695804253204,1.82774715745,1.67488458747,,,0.197312325809,0.0132418294551,0.00828818727459,0.0132418294551,0.197312325809
LNGN0180,Ichthys FLNG Terminal,export,8.9,0.0666666666667,197500,1.25,1.25,0.875031494079,1,1.24987405542,1,0.80715339233,0.703021237945,,0.0100283329139,0.0141589966916,0.0141589966916,0.703021237945
LNGN0181,Incheon LNG Terminal,import,54.5,0.95,715026.649123,3.52631578947,2.50877192982,0.567162290629,0.585680012424,2.13380756431,2.00263309244,,,0.401122616057,0.0150920376467,0.00840852734298,0.0150920376467,0.401122616057
LNGN0182,Inkoo FSRU,import,3.68,0.233333333333,188435.857143,1.35714285714,1.28571428571,0.903277951477,0.928726217556,1.17376938985,1.14223974331,,,0.825252744087,0.0128155064868,0.00673592813667,0.0128155064868,0.825252744087
LNGN0186,Izmir Aliaga LNG Terminal,import,10.7,0.883333333333,477841.716981,2.88679245283,2.35849056604,0.604245425006,0.692875675224,2.22320014902,1.7247702041,,,0.507128518603,0.0158132348192,0.00844517366363,0.0158132348192,0.507128518603
LNGN0190,Jawa Satu FSRU,import,2.4,0.0666666666667,147054.75,1,1,1,1,1,1,,,0.168718979243,0.0188409727661,0.0103804138294,0.0188409727661,0.168718979243
LNGN0191,Jebel Ali FLNG Terminal,import,6,0.566666666667,401961.529412,2.32352941176,1.41176470588,0.83460598508,0.83460598508,1.29030260888,1.29030260888,,,1,0.0125212068043,0.00800425154143,0.0125212068043,1
LNGN0195,Jieyang LNG Terminal (PipeChina),import,2,0.866666666667,614360.173077,3.51923076923,2.76923076923,0.540551582156,0.565360293104,2.45588960165,2.22432499628,,,0.209026568888,0.0147525197658,0.00824953345852,0.0147525197658,0.209026568888
LNGN0199,Kagoshima LNG Terminal,import,0.2,0.25,171424.266667,1.2,1.06666666667,0.96666915576,0.96666915576,1.06665671104,1.06665671104,,,0.0740689408946,0.0136829214668,0.00806763474392,0.0136829214668,0.0740689408946
LNGN0206,Kiyanly LNG Terminal,export,0.2,0.266666666667,301958.1875,1.75,1.625,0.760748231404,0.772683782148,1.58228927544,1.51516982167,0.404658649045,0.325265945651,,0.00961841646286,0.0121878087712,0.0121878087712,0.325265945651
LNGN0207,Klaipeda FSRU,import,2.9,0.833333333333,260377.56,1.84,1.48,0.818559121813,0.858334506715,1.43109731091,1.26401271459,,,1,0.0144906104332,0.00827295357646,0.0144906104332,1
LNGN0208,Kochi LNG Terminal,import,5,0.533333333333,570649.0625,2.46875,1.375,0.878904747759,0.878904747759,1.23943078288,1.23943078288,,,0.4630881195,0.0127868133021,0.0080756045104,0.0127868133021,0.4630881195
LNGN0210,Krk FSRU,import,2.13,0.75,374144.511111,2.04444444444,1.24444444444,0.899233809778,0.899233809778,1.19480813695,1.19480813695,,,1,0.0119855808434,0.0082964864147,0.0119855808434,1
LNGN0212,Kushiro LNG Terminal,import,0.5,0.0666666666667,155607.5,1,1,1,1,1,1,,,0.0674680942349,0.0147728131037,0.00846798318937,0.0147728131037,0.0674680942349
LNGN0219,Le Havre FSRU,import,3.68,0.05,170114,1,1,1,1,1,1,,,0.0433174149082,0.00907386821271,0.00649155017255,0.00907386821271,0.0433174149082
LNGN0222,Lysekil LNG Terminal,import,0.2,0.466666666667,30415.2857143,1.57142857143,1.21428571429,0.896585283702,0.896585283702,1.20049159854,1.20049159854,,,0.7285566918,0.0179075949538,0.0086654750786,0.0179075949538,0.7285566918
LNGN0230,Map Ta Phut LNG Terminal 2,import,7.5,0.916666666667,753355.509091,3.98181818182,2.74545454545,0.573633353613,0.600359614819,2.31179780037,2.05427677351,,,1,0.0158297909254,0.00836788403449,0.0158297909254,1
LNGN0232,Marmara LNG Terminal,import,5.9,0.9,406039.981481,2.40740740741,1.87037037037,0.676883734721,0.689682643504,1.7926660068,1.72498251211,,,0.498962122789,0.0154956136981,0.00848745071002,0.0154956136981,0.498962122789
LNGN0237,Mejillones LNG Terminal,import,1.5,0.416666666667,197474.56,1.16,1.16,0.933341638077,0.982423965536,1.1599274083,1.03135223239,,,0.673555869804,0.0131037899356,0.00841786076555,0.0131037899356,0.673555869804
LNGN0238,Melaka FSRU,import,3.8,0.266666666667,355296.4375,1.8125,1.5625,0.76839324733,0.76839324733,1.52447911775,1.52447911775,,,0.66059188541,0.0122067263615,0.00766728130593,0.0122067263615,0.66059188541
LNGN0241,Mizushima LNG Terminal,import,4.3,0.216666666667,139143.230769,1,1,1,1,1,1,,,0.0595796106014,0.0144010693659,0.00890593567011,0.0144010693659,0.0595796106014
LNGN0243,Montego Bay LNG Terminal,import,0.5,0.0166666666667,174000,1,1,1,1,1,1,,,1,0.0189936940347,0.0081931824319,0.0189936940347,1
LNGN0244,Montoir LNG Terminal,import,8,0.983333333333,792545.033898,4.71186440678,2.25423728814,0.63292021001,0.654756952076,1.78701032247,1.65825897958,,,0.384290617909,0.0142323401856,0.00845825061504,0.0142323401856,0.384290617909
LNGN0248,Mugardos LNG Terminal,import,2.6,0.716666666667,276281.627907,1.6511627907,1.3488372093,0.840699520568,0.868522236358,1.32191014143,1.25016966945,,,0.133378189563,0.0113937177904,0.00803048956915,0.0113937177904,0.133378189563
LNGN0250,Mukran FSRU,import,9.93,0.15,166620.888889,1,1,1,1,1,1,,,0.453151669005,0.0108097257835,0.00746297139237,0.0108097257835,0.453151669005
LNGN0251,Mundra LNG Terminal,import,5,0.433333333333,190065.846154,1.11538461538,1.11538461538,0.944129742918,0.944129742918,1.10842444096,1.10842444096,,,0.183476048229,0.0132266501069,0.0082944989119,0.0132266501069,0.183476048229
LNGN0253,Nagasaki LNG Terminal,import,0.2,0.0333333333333,260400,1.5,1.5,0.750000745732,0.750000745732,1.49999701708,1.49999701708,,,0.276480367128,0.0131458902837,0.00823215635885,0.0131458902837,0.276480367128
LNGN0258,New Fortress Barcarena FSRU,import,6,0.183333333333,179492.727273,1.09090909091,1.09090909091,0.954604837752,1,1.090671868,1,,,0.954675696796,0.0119015037288,0.00771715259607,0.0119015037288,0.954675696796
LNGN0261,Nigeria LNG Terminal,export,22.2,0.983333333333,1629875.59322,10.5084745763,7.94915254237,0.173659356049,0.235716829373,6.7556193301,4.85979241429,0.872758029267,0.494060529012,,0.0108033582289,0.03399316677,0.03399316677,0.494060529012
LNGN0262,Niihama LNG Terminal,import,1,0.0166666666667,138000,1,1,1,1,1,1,,,0.0462066515479,0.00931820486574,0.00687734543142,0.00931820486574,0.0462066515479
LNGN0268,Nusantara Regas Satu Terminal,import,3,0.166666666667,176585.7,1.2,1.1,0.950654476765,0.950654476765,1.09741591738,1.09741591738,,,0.387910336546,0.0155128408343,0.00751805245873,0.0155128408343,0.387910336546
LNGN0270,Ohgishima LNG Terminal,import,10.2,0.9,494615.462963,3.16666666667,2.62962962963,0.493252413448,0.6271884267,2.47944269148,1.83844435597,,,0.231443009724,0.0166996754088,0.0082644085997,0.0166996754088,0.231443009724
LNGN0272,Old Harbour FSRU,import,3.6,0.2,226877.666667,1.33333333333,1.25,0.875073331168,0.875073331168,1.24970718891,1.24970718891,,,1,0.0123242304944,0.00772403713496,0.0123242304944,1
LNGN0274,Oman Qalhat LNG Terminal,export,11.4,0.516666666667,309223.935484,1.83870967742,1.8064516129,0.760875347146,0.78728034264,1.79222018498,1.6842168356,0.470516570167,0.380704613785,,0.00969191739364,0.0119747503509,0.0119747503509,0.380704613785
LNGN0278,Panigaglia LNG Terminal,import,2.5,0.516666666667,155870.967742,2.06451612903,1.12903225806,0.948906810036,1,1.08614800759,1,,,0.555726594377,0.0146550801603,0.00804415327231,0.0146550801603,0.555726594377
LNGN0285,Pengerang Johor LNG Terminal,import,3.5,0.316666666667,242861.052632,2.05263157895,1.63157894737,0.767983807528,0.787787106119,1.49682167445,1.4332929625,,,0.548975254391,0.0149174229975,0.00787141058782,0.0149174229975,0.548975254391
LNGN0287,Penuelas LNG Terminal,import,2,0.3,156875.222222,1.11111111111,1.05555555556,0.977396121884,0.977396121884,1.03810947132,1.03810947132,,,0.77002909433,0.0146393885824,0.00832765470858,0.0146393885824,0.77002909433
LNGN0288,Peru LNG Terminal,export,4.45,0.183333333333,202246.636364,1.18181818182,1.09090909091,0.954546973291,1,1.09090301613,1,0.420889578989,0.417979366946,,0.00906676518077,0.00993924322777,0.00993924322777,0.417979366946
LNGN0290,Philippines LNG Terminal,import,5,0.0333333333333,166900,1,1,1,1,1,1,,,1,0.0088674854713,0.006486273265,0.0088674854713,1
LNGN0291,Pichilingue LNG Terminal,import,0.8,0.216666666667,168583.076923,1,1,1,1,1,1,,,1,0.0141359399202,0.00882070370511,0.0141359399202,1
LNGN0293,Pinghu LNG Terminal,import,1,0.15,65000,1.44444444444,1,1,1,1,1,,,0.0224455722789,0.0126963231593,0.00734257114049,0.0126963231593,0.0224455722789
LNGN0294,Piombino FSRU,import,3.68,0.183333333333,272654.636364,1.63636363636,1.63636363636,0.712796582456,0.735550584515,1.63214015089,1.51704937077,,,0.602118088032,0.0101425811102,0.00681828430194,0.0101425811102,0.602118088032
LNGN0297,Pluto LNG Terminal,export,4.9,1,1136068.05,7.65,6.15,0.200478380998,0.479238687874,5.56046361535,2.55499412436,0.925606686584,0.547099335503,,0.0108806991533,0.0318690348842,0.0318690348842,0.547099335503
LNGN0299,Pori LNG Terminal,import,0.1,0.1,30000,1.66666666667,1,1,1,1,1,,,0.741795141132,0.0136490578901,0.00868776989547,0.0136490578901,0.741795141132
LNGN0307,Porto do Açu FSRU,import,5.6,0.0833333333333,171200,1,1,1,1,1,1,,,0.766380133715,0.0121927323234,0.00829179152659,0.0121927323234,0.766380133715
LNGN0308,Portovaya LNG Terminal,export,1.5,0.3,217392.944444,1.33333333333,1.33333333333,0.852199310768,0.852199310768,1.33176256736,1.33176256736,0.753764683542,0.671660356407,,0.00969067046389,0.0138481228063,0.0138481228063,0.671660356407
LNGN0309,Prelude FLNG Terminal,export,3.6,0.516666666667,325068.903226,1.90322580645,1.8064516129,0.698284761505,0.726902469576,1.78967374494,1.69056169977,0.496151493344,0.381219038829,,0.0100110447656,0.0128854863574,0.0128854863574,0.381219038829
LNGN0312,Punta Europa LNG Terminal,export,3.7,0.616666666667,261422.783784,1.59459459459,1.56756756757,0.775991352433,0.802953098186,1.56568580537,1.51189187128,0.538982077624,0.44581744572,,0.0104674156273,0.0130888621442,0.0130888621442,0.44581744572
LNGN0314,Pyeongtaek LNG Terminal,import,41,0.866666666667,648842.153846,3.40384615385,2.75,0.505277728535,0.544864034659,2.42773098871,2.14125597127,,,0.315245323919,0.0159388042311,0.00835607945485,0.0159388042311,0.315245323919
LNGN0319,Qidong LNG Terminal,import,5.01,0.766666666667,548732.195652,2.54347826087,1.80434782609,0.744175539591,0.755899986879,1.5832380898,1.50654308889,,,0.195564182172,0.0131711554225,0.00828700167282,0.0131711554225,0.195564182172
LNGN0322,Queensland Curtis LNG Terminal,export,8.5,0.883333333333,357803.075472,2.1320754717,1.98113207547,0.634406119324,0.69883176122,1.96293195538,1.64680009939,0.657733672303,0.512973983818,,0.0107484434225,0.0156569497086,0.0156569497086,0.512973983818
LNGN0324,Quintero LNG Terminal,import,4,0.533333333333,239963.09375,1.40625,1.25,0.895842571732,0.902859630007,1.24994460039,1.21222678945,,,0.786284476716,0.0146488430182,0.00807964888553,0.0146488430182,0.786284476716
LNGN0328,Rasgas LNG Terminal 3,export,15.6,1,6836770.38333,33,17.65,0.093850964989,0.139486347699,12.2957213283,7.73584832213,1,0.730491334006,,0.0108806991533,0.0911839202611,0.0911839202611,0.730491334006
LNGN0331,Revithoussa LNG Terminal,import,5.1,0.6,259662.111111,1.69444444444,1.58333333333,0.800923604863,0.833935627133,1.52307293653,1.42536539794,,,1,0.0130546689492,0.00811564000806,0.0130546689492,1
LNGN0334,Risavika LNG Terminal,export,0.33,0.35,23884.0952381,1.14285714286,1.09523809524,0.968253968254,0.978835978836,1.09523809524,1.0380952381,0.705553817159,0.69586349561,,0.0104257407176,0.0133593720788,0.0133593720788,0.69586349561
LNGN0344,Sabine Pass LNG Import Terminal,import,30.4,0.0166666666667,174000,1,1,1,1,1,1,,,0.333542276484,0.012983290991,0.00983268719566,0.012983290991,0.333542276484
LNGN0345,Sabine Pass LNG Terminal,export,29.5,1,2321336.58333,13.7333333333,10.6,0.125374211592,0.178733259375,9.03531001279,6.33239714136,0.963230286008,0.507801067825,,0.0108806991533,0.0449476980813,0.0449476980813,0.507801067825
LNGN0347,Sagunto LNG Terminal,import,6.4,0.8,372673.020833,2.45833333333,2.0625,0.656644766964,0.711496075644,1.93499381241,1.71016457661,,,0.172207240908,0.0138244734231,0.00817962800383,0.0138244734231,0.172207240908
LNGN0348,Saint John LNG Terminal,import,7.5,0.1,240605,1.5,1,1,1,1,1,,,1,0.0164566767532,0.00861175891844,0.0164566767532,1
LNGN0351,Sakhalin II LNG Terminal,export,11.5,0.55,209706.666667,1.48484848485,1.36363636364,0.828435659456,0.889041720062,1.36303104,1.24181891879,0.566920147263,0.491074457219,,0.0104696837805,0.0128767168992,0.0128767168992,0.491074457219
LNGN0354,Samcheok LNG Terminal,import,11.6,0.283333333333,211311.058824,1.23529411765,1.11764705882,0.941287248081,0.970696864217,1.11720554841,1.05839061265,,,0.0990815920487,0.0124979791068,0.00829852785534,0.0124979791068,0.0990815920487
LNGN0359,Senboku 2 LNG Terminal,import,10,0.766666666667,257621.391304,1.63043478261,1.39130434783,0.844175050445,0.902882598742,1.36781609215,1.23509757427,,,0.106689564426,0.013367494817,0.00826411512283,0.013367494817,0.106689564426
LNGN0361,Sepetiba Bay FSRU,import,2.7,0.0166666666667,159800,1,1,1,1,1,1,,,1,0.0191101912986,0.00998977884099,0.0191101912986,1
LNGN0362,Sergipe FSRU,import,5.6,0.15,166311.111111,1,1,1,1,1,1,,,0.887707339672,0.0127504616384,0.00841001242851,0.0127504616384,0.887707339672
LNGN0363,Shandong LNG Terminal,import,11,0.633333333333,280789.552632,1.57894736842,1.42105263158,0.8261128858,0.86319362644,1.38433777059,1.27280187712,,,0.0998919099751,0.0146567973894,0.0082537925828,0.0146567973894,0.0998919099751
LNGN0364,Shanghai Yangshan LNG Terminal,import,6,0.0166666666667,174000,1,1,1,1,1,1,,,0.0376219388661,0.00851057643032,0.00650210398765,0.00851057643032,0.0376219388661
LNGN0372,Shin-Sendai LNG Terminal,import,1.7,0.266666666667,199306.3125,1.125,1.0625,0.969683405646,0.969683405646,1.05887466255,1.05887466255,,,0.0779140907658,0.012217497731,0.00844880024764,0.012217497731,0.0779140907658
LNGN0374,Sines LNG Terminal,import,5.6,0.966666666667,576206.258621,3.58620689655,2.43103448276,0.553492548203,0.572944807043,2.17387446709,2.03633881109,,,1,0.014593206287,0.00844823111897,0.014593206287,1
LNGN0378,Skikda LNG Terminal,export,4.5,0.766666666667,302428.26087,3.95652173913,2.30434782609,0.582474761685,0.602029978737,2.04960821382,1.92812443571,0.721522728211,0.451527185699,,0.0103553858568,0.0149551424168,0.0149551424168,0.451527185699
LNGN0381,Sodegaura LNG Terminal,import,32.7,0.966666666667,659348.655172,3.94827586207,3.08620689655,0.45900815039,0.546158646474,2.84887341941,2.15552295614,,,0.298456003927,0.0174409043021,0.00847476025809,0.0174409043021,0.298456003927
LNGN0382,Sodeshi Shimizu LNG Terminal,import,2.9,0.116666666667,184335.428571,1,1,1,1,1,1,,,0.062206978144,0.014041315595,0.00871643618559,0.014041315595,0.062206978144
LNGN0385,South Hook LNG Terminal,import,15.6,0.95,1085914.61404,5.36842105263,2.71929824561,0.627451342414,0.721753954463,2.22644500022,1.59218363737,,,0.712671213718,0.0149783097976,0.00837974825779,0.0149783097976,0.712671213718
LNGN0391,Summit FSRU,import,3.8,0.0833333333333,233900,1.4,1.4,0.80006268423,0.90006268423,1.39974942015,1.19974942015,,,1,0.0101773412817,0.00723556953938,0.0101773412817,1
LNGN0398,Taichung LNG Terminal,import,5,0.816666666667,378704.285714,2.59183673469,1.5306122449,0.798611008923,0.816613102702,1.41194469793,1.34986368399,,,0.446763727881,0.0115364574959,0.00819803818968,0.0115364574959,0.446763727881
LNGN0405,Tanjung Benoa FSRU,import,0.35,0.266666666667,311412.9375,2,1.625,0.741188251134,1,1.55876381584,1,,,0.489761706658,0.0137769424397,0.00808580426308,0.0137769424397,0.489761706658
LNGN0421,Tianjin LNG Terminal (Sinopec),import,10.8,0.85,448655.529412,2.58823529412,2.23529411765,0.641742943476,0.700632277442,2.12178040233,1.82509197562,,,0.153009215749,0.0156245281107,0.00823189015623,0.0156245281107,0.153009215749
LNGN0423,Tiga Malaysia LNG Terminal,export,7.2,0.55,291728.424242,2.48484848485,2.21212121212,0.628092105646,0.663929925412,1.91920131689,1.75409232825,0.669011860069,0.433256186005,,0.0098988345446,0.01420980023,0.01420980023,0.433256186005
LNGN0425,Tobata LNG Terminal,import,7.6,0.2,142947.333333,1,1,1,1,1,1,,,0.0552631811836,0.0125693755314,0.00788315978003,0.0125693755314,0.0552631811836
LNGN0426,Tongyoung LNG Terminal,import,26.5,0.8,429530.5625,2.22916666667,1.89583333333,0.68058517377,0.743973130206,1.7848215616,1.54071400153,,,0.214209169381,0.0145606139017,0.00830195384753,0.0145606139017,0.214209169381
LNGN0427,Tornio Manga LNG Terminal,import,0.4,0.8,26935.5625,1.47916666667,1,1,1,1,1,,,0.754652683461,0.0150976364761,0.00829938295367,0.0150976364761,0.754652683461
LNGN0428,Toscana FSRU,import,3.68,0.45,292442.481481,1.77777777778,1.7037037037,0.712302144351,0.780331705624,1.69440082113,1.4499965576,,,0.746265800221,0.0141853658182,0.00821079278048,0.0141853658182,0.746265800221
LNGN0429,Toyama Shinko LNG Terminal,import,1.8,0.233333333333,210886.714286,1.28571428571,1.28571428571,0.86118319487,0.86118319487,1.2703499677,1.2703499677,,,0.0991977349609,0.0149393456631,0.00889757247098,0.0149393456631,0.0991977349609
LNGN0435,Vysotsk LNG Terminal,export,1.5,0.983333333333,87330.7118644,4.01694915254,2.5593220339,0.520793553304,0.561607017669,2.24438824566,2.05485306479,0.991525423729,0.72593486586,,0.0108352996027,0.0220959142703,0.0220959142703,0.72593486586
LNGN0437,Wenzhou LNG Terminal,import,3,0.733333333333,386219.022727,2.02272727273,1.65909090909,0.738131154857,0.762208332528,1.59783828096,1.50343610199,,,0.122841063055,0.0124989490082,0.00806166749343,0.0124989490082,0.122841063055
LNGN0441,Wheatstone LNG Terminal,export,8.9,0.916666666667,497295.818182,3.05454545455,2.81818181818,0.464864308381,0.659979669946,2.73799106201,1.72986296546,0.735128870678,0.484723152825,,0.0107951074076,0.018068807213,0.018068807213,0.484723152825
LNGN0442,Wilhelmshaven FSRU,import,5.7,0.3,270058.166667,1.61111111111,1.38888888889,0.82427817703,0.893007770938,1.38782973876,1.20780601086,,,0.741305826014,0.0122837116824,0.00770460581991,0.0122837116824,0.741305826014
LNGN0447,Wuhaogou LNG Storage Facility,import,1.5,0.116666666667,156239,1,1,1,1,1,1,,,0.0544530945104,0.0133127710224,0.00819468638089,0.0133127710224,0.0544530945104
LNGN0449,Xintian Tangshan LNG Terminal,import,5,0.783333333333,592605.893617,2.8085106383,1.78723404255,0.741869087192,0.751574502054,1.63830275531,1.56053426312,,,0.182008591985,0.0128886770736,0.00811662908905,0.0128886770736,0.182008591985
LNGN0452,Yamal LNG Terminal,export,17.4,1,2925987.86667,17.1166666667,8.11666666667,0.192139896979,0.258437842415,5.69284454141,4.06151403796,0.953484842384,0.626891630724,,0.0108806991533,0.0417917563505,0.0417917563505,0.626891630724
LNGN0453,Yanai LNG Terminal,import,2.3,0.366666666667,158776.636364,1.09090909091,1.04545454545,0.977309440768,1,1.04530792832,1,,,0.0667590166939,0.0128510461034,0.00862049427732,0.0128510461034,0.0667590166939
LNGN0460,Yokkaichi Works LNG Terminal,import,2.1,0.833333333333,369899.82,2.3,2.12,0.618253402542,0.745697302813,2.07318080685,1.59529119587,,,0.15281827207,0.0153999187288,0.00828786717148,0.0153999187288,0.15281827207
LNGN0463,Yung-An LNG Terminal,import,10.5,0.95,587744.070175,3.56140350877,3.14035087719,0.434856068788,0.582039650446,2.99578244582,2.08312676432,,,0.668571532173,0.0181508858824,0.00837425298238,0.0181508858824,0.668571532173
LNGN0464,Zeebrugge LNG Terminal,import,11.3,0.983333333333,1359122.30508,8.54237288136,3.10169491525,0.557760821817,0.598823523505,1.98878994404,1.82632679176,,,1,0.0163679120856,0.00844022175336,0.0163679120856,1
LNGN0472,Zhoushan LNG Terminal,import,5,0.616666666667,219177.567568,1.2972972973,1.18918918919,0.906839882425,0.920328940677,1.18362282574,1.15669344306,,,0.0769864888967,0.0124919925876,0.00825940728113,0.0124919925876,0.0769864888967
LNGN0473,Zhuhai LNG Terminal,import,3.5,0.733333333333,322721.5,1.68181818182,1.29545454545,0.875920721569,0.879981478443,1.26860220268,1.24563335838,,,0.139501076586,0.0125243356953,0.00835569716022,0.0125243356953,0.139501076586
LNGN0474,Świnoujście Polskie LNG Terminal,import,4.58,0.866666666667,491337.903846,2.57692307692,1.96153846154,0.657877519778,0.699691864786,1.80063798356,1.62726264079,,,1,0.0123433727541,0.00818797873989,0.0123433727541,1
