metric,previous_month,current_month,spearman_rank_persistence
throughput,2020-01-01,2020-02-01,0.787377350376
throughput,2020-02-01,2020-03-01,0.748697361236
throughput,2020-03-01,2020-04-01,0.750641896994
throughput,2020-04-01,2020-05-01,0.493777141108
throughput,2020-05-01,2020-06-01,0.481891820969
throughput,2020-06-01,2020-07-01,0.438727985157
throughput,2020-07-01,2020-08-01,0.695381735276
throughput,2020-08-01,2020-09-01,0.490799470964
throughput,2020-09-01,2020-10-01,0.550017078462
throughput,2020-10-01,2020-11-01,0.809376214785
throughput,2020-11-01,2020-12-01,0.804361237728
throughput,2020-12-01,2021-01-01,0.735462044542
throughput,2021-01-01,2021-02-01,0.728590849382
throughput,2021-02-01,2021-03-01,0.714063542374
throughput,2021-03-01,2021-04-01,0.782960276846
throughput,2021-04-01,2021-05-01,0.763059430758
throughput,2021-05-01,2021-06-01,0.719705388561
throughput,2021-06-01,2021-07-01,0.63850098017
throughput,2021-07-01,2021-08-01,0.68388586861
throughput,2021-08-01,2021-09-01,0.721553247101
throughput,2021-09-01,2021-10-01,0.756619323163
throughput,2021-10-01,2021-11-01,0.797712481875
throughput,2021-11-01,2021-12-01,0.850340955959
throughput,2021-12-01,2022-01-01,0.861344622693
throughput,2022-01-01,2022-02-01,0.726451613494
throughput,2022-02-01,2022-03-01,0.762154807182
throughput,2022-03-01,2022-04-01,0.750299809165
throughput,2022-04-01,2022-05-01,0.834404897407
throughput,2022-05-01,2022-06-01,0.699619724207
throughput,2022-06-01,2022-07-01,0.777372352401
throughput,2022-07-01,2022-08-01,0.753739994895
throughput,2022-08-01,2022-09-01,0.647735745563
throughput,2022-09-01,2022-10-01,0.746298900234
throughput,2022-10-01,2022-11-01,0.777358594497
throughput,2022-11-01,2022-12-01,0.717391758798
throughput,2022-12-01,2023-01-01,0.82471405774
throughput,2023-01-01,2023-02-01,0.722864534444
throughput,2023-02-01,2023-03-01,0.664410077111
throughput,2023-03-01,2023-04-01,0.762497864632
throughput,2023-04-01,2023-05-01,0.751077570328
throughput,2023-05-01,2023-06-01,0.72394865778
throughput,2023-06-01,2023-07-01,0.733094653405
throughput,2023-07-01,2023-08-01,0.770738072868
throughput,2023-08-01,2023-09-01,0.800000000534
throughput,2023-09-01,2023-10-01,0.754678268205
throughput,2023-10-01,2023-11-01,0.791426615257
throughput,2023-11-01,2023-12-01,0.810824854087
throughput,2023-12-01,2024-01-01,0.777372688481
throughput,2024-01-01,2024-02-01,0.743829156849
throughput,2024-02-01,2024-03-01,0.717180630048
throughput,2024-03-01,2024-04-01,0.752885923524
throughput,2024-04-01,2024-05-01,0.733316017066
throughput,2024-05-01,2024-06-01,0.50988927698
throughput,2024-06-01,2024-07-01,0.697886140608
throughput,2024-07-01,2024-08-01,0.670039779032
throughput,2024-08-01,2024-09-01,0.595522151693
throughput,2024-09-01,2024-10-01,0.758703446482
throughput,2024-10-01,2024-11-01,0.55169825726
throughput,2024-11-01,2024-12-01,0.573600368372
voyage_count,2020-01-01,2020-02-01,0.698905326026
voyage_count,2020-02-01,2020-03-01,0.686564100507
voyage_count,2020-03-01,2020-04-01,0.700840001992
voyage_count,2020-04-01,2020-05-01,0.477093188711
voyage_count,2020-05-01,2020-06-01,0.579184946111
voyage_count,2020-06-01,2020-07-01,0.488967291317
voyage_count,2020-07-01,2020-08-01,0.485838808497
voyage_count,2020-08-01,2020-09-01,0.311854638071
voyage_count,2020-09-01,2020-10-01,0.362300237142
voyage_count,2020-10-01,2020-11-01,0.774498096051
voyage_count,2020-11-01,2020-12-01,0.744284598951
voyage_count,2020-12-01,2021-01-01,0.60900313016
voyage_count,2021-01-01,2021-02-01,0.632101466273
voyage_count,2021-02-01,2021-03-01,0.60431242078
voyage_count,2021-03-01,2021-04-01,0.757012498163
voyage_count,2021-04-01,2021-05-01,0.689692745641
voyage_count,2021-05-01,2021-06-01,0.717804249206
voyage_count,2021-06-01,2021-07-01,0.618222043079
voyage_count,2021-07-01,2021-08-01,0.679491885842
voyage_count,2021-08-01,2021-09-01,0.653275597186
voyage_count,2021-09-01,2021-10-01,0.664588602724
voyage_count,2021-10-01,2021-11-01,0.768258947899
voyage_count,2021-11-01,2021-12-01,0.811420636274
voyage_count,2021-12-01,2022-01-01,0.810217140404
voyage_count,2022-01-01,2022-02-01,0.714030369344
voyage_count,2022-02-01,2022-03-01,0.738324625398
voyage_count,2022-03-01,2022-04-01,0.740756828233
voyage_count,2022-04-01,2022-05-01,0.781293710872
voyage_count,2022-05-01,2022-06-01,0.694536013058
voyage_count,2022-06-01,2022-07-01,0.750274151976
voyage_count,2022-07-01,2022-08-01,0.752535461835
voyage_count,2022-08-01,2022-09-01,0.63922525019
voyage_count,2022-09-01,2022-10-01,0.680290512445
voyage_count,2022-10-01,2022-11-01,0.743275584407
voyage_count,2022-11-01,2022-12-01,0.720107978646
voyage_count,2022-12-01,2023-01-01,0.805703730044
voyage_count,2023-01-01,2023-02-01,0.701434338903
voyage_count,2023-02-01,2023-03-01,0.598208815741
voyage_count,2023-03-01,2023-04-01,0.728962611659
voyage_count,2023-04-01,2023-05-01,0.73947204649
voyage_count,2023-05-01,2023-06-01,0.734518319312
voyage_count,2023-06-01,2023-07-01,0.721547567124
voyage_count,2023-07-01,2023-08-01,0.742827591002
voyage_count,2023-08-01,2023-09-01,0.800592685957
voyage_count,2023-09-01,2023-10-01,0.744632083243
voyage_count,2023-10-01,2023-11-01,0.761666918244
voyage_count,2023-11-01,2023-12-01,0.770767712732
voyage_count,2023-12-01,2024-01-01,0.760864300769
voyage_count,2024-01-01,2024-02-01,0.710265138657
voyage_count,2024-02-01,2024-03-01,0.716018989582
voyage_count,2024-03-01,2024-04-01,0.773334023721
voyage_count,2024-04-01,2024-05-01,0.642341019583
voyage_count,2024-05-01,2024-06-01,0.518043615519
voyage_count,2024-06-01,2024-07-01,0.617971024946
voyage_count,2024-07-01,2024-08-01,0.669834637532
voyage_count,2024-08-01,2024-09-01,0.567178654975
voyage_count,2024-09-01,2024-10-01,0.641475658405
voyage_count,2024-10-01,2024-11-01,0.536306394832
voyage_count,2024-11-01,2024-12-01,0.593080990954
counterparty_count,2020-01-01,2020-02-01,0.671560424148
counterparty_count,2020-02-01,2020-03-01,0.673774495227
counterparty_count,2020-03-01,2020-04-01,0.719352989347
counterparty_count,2020-04-01,2020-05-01,0.376451238028
counterparty_count,2020-05-01,2020-06-01,0.562266964526
counterparty_count,2020-06-01,2020-07-01,0.524610810098
counterparty_count,2020-07-01,2020-08-01,0.563127321341
counterparty_count,2020-08-01,2020-09-01,0.315457297865
counterparty_count,2020-09-01,2020-10-01,0.398549236672
counterparty_count,2020-10-01,2020-11-01,0.690011519093
counterparty_count,2020-11-01,2020-12-01,0.693489544109
counterparty_count,2020-12-01,2021-01-01,0.729849221679
counterparty_count,2021-01-01,2021-02-01,0.696956567405
counterparty_count,2021-02-01,2021-03-01,0.627927676168
counterparty_count,2021-03-01,2021-04-01,0.686712126664
counterparty_count,2021-04-01,2021-05-01,0.65016483069
counterparty_count,2021-05-01,2021-06-01,0.661181578579
counterparty_count,2021-06-01,2021-07-01,0.554095527476
counterparty_count,2021-07-01,2021-08-01,0.710992128507
counterparty_count,2021-08-01,2021-09-01,0.585114472517
counterparty_count,2021-09-01,2021-10-01,0.627353001529
counterparty_count,2021-10-01,2021-11-01,0.671800466367
counterparty_count,2021-11-01,2021-12-01,0.783587723963
counterparty_count,2021-12-01,2022-01-01,0.77245727898
counterparty_count,2022-01-01,2022-02-01,0.672380873003
counterparty_count,2022-02-01,2022-03-01,0.638629696098
counterparty_count,2022-03-01,2022-04-01,0.681127484362
counterparty_count,2022-04-01,2022-05-01,0.726734560756
counterparty_count,2022-05-01,2022-06-01,0.660768440206
counterparty_count,2022-06-01,2022-07-01,0.765639127891
counterparty_count,2022-07-01,2022-08-01,0.808282145174
counterparty_count,2022-08-01,2022-09-01,0.618235684779
counterparty_count,2022-09-01,2022-10-01,0.760100805739
counterparty_count,2022-10-01,2022-11-01,0.684866944709
counterparty_count,2022-11-01,2022-12-01,0.669999180995
counterparty_count,2022-12-01,2023-01-01,0.735649354471
counterparty_count,2023-01-01,2023-02-01,0.749975569977
counterparty_count,2023-02-01,2023-03-01,0.582915723098
counterparty_count,2023-03-01,2023-04-01,0.641637717307
counterparty_count,2023-04-01,2023-05-01,0.650868051829
counterparty_count,2023-05-01,2023-06-01,0.673061618216
counterparty_count,2023-06-01,2023-07-01,0.696795278419
counterparty_count,2023-07-01,2023-08-01,0.686265142325
counterparty_count,2023-08-01,2023-09-01,0.830609263349
counterparty_count,2023-09-01,2023-10-01,0.760595568724
counterparty_count,2023-10-01,2023-11-01,0.725052707588
counterparty_count,2023-11-01,2023-12-01,0.70141265978
counterparty_count,2023-12-01,2024-01-01,0.746498045374
counterparty_count,2024-01-01,2024-02-01,0.662557600174
counterparty_count,2024-02-01,2024-03-01,0.711942444967
counterparty_count,2024-03-01,2024-04-01,0.759994117608
counterparty_count,2024-04-01,2024-05-01,0.547671218206
counterparty_count,2024-05-01,2024-06-01,0.473877944309
counterparty_count,2024-06-01,2024-07-01,0.445686787268
counterparty_count,2024-07-01,2024-08-01,0.542950292445
counterparty_count,2024-08-01,2024-09-01,0.626035695824
counterparty_count,2024-09-01,2024-10-01,0.589898918866
counterparty_count,2024-10-01,2024-11-01,0.402362146746
counterparty_count,2024-11-01,2024-12-01,0.679207842768
counterparty_hhi_terminal,2020-01-01,2020-02-01,0.664858302025
counterparty_hhi_terminal,2020-02-01,2020-03-01,0.679454825313
counterparty_hhi_terminal,2020-03-01,2020-04-01,0.689484139045
counterparty_hhi_terminal,2020-04-01,2020-05-01,0.407841740747
counterparty_hhi_terminal,2020-05-01,2020-06-01,0.566463382619
counterparty_hhi_terminal,2020-06-01,2020-07-01,0.551515173944
counterparty_hhi_terminal,2020-07-01,2020-08-01,0.585516733493
counterparty_hhi_terminal,2020-08-01,2020-09-01,0.41149832626
counterparty_hhi_terminal,2020-09-01,2020-10-01,0.451650071201
counterparty_hhi_terminal,2020-10-01,2020-11-01,0.687173429753
counterparty_hhi_terminal,2020-11-01,2020-12-01,0.682469083086
counterparty_hhi_terminal,2020-12-01,2021-01-01,0.712667190243
counterparty_hhi_terminal,2021-01-01,2021-02-01,0.679289855477
counterparty_hhi_terminal,2021-02-01,2021-03-01,0.612878614177
counterparty_hhi_terminal,2021-03-01,2021-04-01,0.621306908945
counterparty_hhi_terminal,2021-04-01,2021-05-01,0.626868003428
counterparty_hhi_terminal,2021-05-01,2021-06-01,0.611418554358
counterparty_hhi_terminal,2021-06-01,2021-07-01,0.479973684629
counterparty_hhi_terminal,2021-07-01,2021-08-01,0.698513126566
counterparty_hhi_terminal,2021-08-01,2021-09-01,0.548612581906
counterparty_hhi_terminal,2021-09-01,2021-10-01,0.641935580885
counterparty_hhi_terminal,2021-10-01,2021-11-01,0.594146665538
counterparty_hhi_terminal,2021-11-01,2021-12-01,0.745213272362
counterparty_hhi_terminal,2021-12-01,2022-01-01,0.786814462334
counterparty_hhi_terminal,2022-01-01,2022-02-01,0.600146781508
counterparty_hhi_terminal,2022-02-01,2022-03-01,0.636837435384
counterparty_hhi_terminal,2022-03-01,2022-04-01,0.683333369701
counterparty_hhi_terminal,2022-04-01,2022-05-01,0.723008462661
counterparty_hhi_terminal,2022-05-01,2022-06-01,0.604374335717
counterparty_hhi_terminal,2022-06-01,2022-07-01,0.725773260772
counterparty_hhi_terminal,2022-07-01,2022-08-01,0.782317538845
counterparty_hhi_terminal,2022-08-01,2022-09-01,0.574683308962
counterparty_hhi_terminal,2022-09-01,2022-10-01,0.737868788232
counterparty_hhi_terminal,2022-10-01,2022-11-01,0.632480976184
counterparty_hhi_terminal,2022-11-01,2022-12-01,0.638835563447
counterparty_hhi_terminal,2022-12-01,2023-01-01,0.730690467512
counterparty_hhi_terminal,2023-01-01,2023-02-01,0.709406217771
counterparty_hhi_terminal,2023-02-01,2023-03-01,0.530460708649
counterparty_hhi_terminal,2023-03-01,2023-04-01,0.543084450865
counterparty_hhi_terminal,2023-04-01,2023-05-01,0.597728486561
counterparty_hhi_terminal,2023-05-01,2023-06-01,0.631336990001
counterparty_hhi_terminal,2023-06-01,2023-07-01,0.634998419301
counterparty_hhi_terminal,2023-07-01,2023-08-01,0.608995323404
counterparty_hhi_terminal,2023-08-01,2023-09-01,0.805527001237
counterparty_hhi_terminal,2023-09-01,2023-10-01,0.748863372991
counterparty_hhi_terminal,2023-10-01,2023-11-01,0.691141695661
counterparty_hhi_terminal,2023-11-01,2023-12-01,0.710335560176
counterparty_hhi_terminal,2023-12-01,2024-01-01,0.726902906957
counterparty_hhi_terminal,2024-01-01,2024-02-01,0.573548975074
counterparty_hhi_terminal,2024-02-01,2024-03-01,0.659178270913
counterparty_hhi_terminal,2024-03-01,2024-04-01,0.722967941647
counterparty_hhi_terminal,2024-04-01,2024-05-01,0.468633209124
counterparty_hhi_terminal,2024-05-01,2024-06-01,0.451470435744
counterparty_hhi_terminal,2024-06-01,2024-07-01,0.324132150735
counterparty_hhi_terminal,2024-07-01,2024-08-01,0.452113437156
counterparty_hhi_terminal,2024-08-01,2024-09-01,0.55342184155
counterparty_hhi_terminal,2024-09-01,2024-10-01,0.470404283642
counterparty_hhi_terminal,2024-10-01,2024-11-01,0.348330966164
counterparty_hhi_terminal,2024-11-01,2024-12-01,0.636237968728
counterparty_hhi_country,2020-01-01,2020-02-01,0.632735885638
counterparty_hhi_country,2020-02-01,2020-03-01,0.70707847218
counterparty_hhi_country,2020-03-01,2020-04-01,0.667617107943
counterparty_hhi_country,2020-04-01,2020-05-01,0.356232124891
counterparty_hhi_country,2020-05-01,2020-06-01,0.580381749851
counterparty_hhi_country,2020-06-01,2020-07-01,0.544910630135
counterparty_hhi_country,2020-07-01,2020-08-01,0.617089803549
counterparty_hhi_country,2020-08-01,2020-09-01,0.239603690779
counterparty_hhi_country,2020-09-01,2020-10-01,0.365834134903
counterparty_hhi_country,2020-10-01,2020-11-01,0.501941340475
counterparty_hhi_country,2020-11-01,2020-12-01,0.65488667885
counterparty_hhi_country,2020-12-01,2021-01-01,0.627950191304
counterparty_hhi_country,2021-01-01,2021-02-01,0.689650991822
counterparty_hhi_country,2021-02-01,2021-03-01,0.512506384183
counterparty_hhi_country,2021-03-01,2021-04-01,0.526993276719
counterparty_hhi_country,2021-04-01,2021-05-01,0.561702576641
counterparty_hhi_country,2021-05-01,2021-06-01,0.497136364581
counterparty_hhi_country,2021-06-01,2021-07-01,0.428449860275
counterparty_hhi_country,2021-07-01,2021-08-01,0.539060030634
counterparty_hhi_country,2021-08-01,2021-09-01,0.540268947841
counterparty_hhi_country,2021-09-01,2021-10-01,0.548854436014
counterparty_hhi_country,2021-10-01,2021-11-01,0.589095752469
counterparty_hhi_country,2021-11-01,2021-12-01,0.586822995979
counterparty_hhi_country,2021-12-01,2022-01-01,0.586242737331
counterparty_hhi_country,2022-01-01,2022-02-01,0.527630664391
counterparty_hhi_country,2022-02-01,2022-03-01,0.628499093828
counterparty_hhi_country,2022-03-01,2022-04-01,0.512800834813
counterparty_hhi_country,2022-04-01,2022-05-01,0.61783166822
counterparty_hhi_country,2022-05-01,2022-06-01,0.592641200941
counterparty_hhi_country,2022-06-01,2022-07-01,0.536832202207
counterparty_hhi_country,2022-07-01,2022-08-01,0.661716466957
counterparty_hhi_country,2022-08-01,2022-09-01,0.522553597414
counterparty_hhi_country,2022-09-01,2022-10-01,0.654712358747
counterparty_hhi_country,2022-10-01,2022-11-01,0.544407547046
counterparty_hhi_country,2022-11-01,2022-12-01,0.547320436591
counterparty_hhi_country,2022-12-01,2023-01-01,0.582144737172
counterparty_hhi_country,2023-01-01,2023-02-01,0.601575881002
counterparty_hhi_country,2023-02-01,2023-03-01,0.498188235786
counterparty_hhi_country,2023-03-01,2023-04-01,0.464402289078
counterparty_hhi_country,2023-04-01,2023-05-01,0.573635333739
counterparty_hhi_country,2023-05-01,2023-06-01,0.592674058263
counterparty_hhi_country,2023-06-01,2023-07-01,0.682487820219
counterparty_hhi_country,2023-07-01,2023-08-01,0.491701556629
counterparty_hhi_country,2023-08-01,2023-09-01,0.771488795006
counterparty_hhi_country,2023-09-01,2023-10-01,0.631963487155
counterparty_hhi_country,2023-10-01,2023-11-01,0.616842442115
counterparty_hhi_country,2023-11-01,2023-12-01,0.667733725673
counterparty_hhi_country,2023-12-01,2024-01-01,0.68765215783
counterparty_hhi_country,2024-01-01,2024-02-01,0.598300556316
counterparty_hhi_country,2024-02-01,2024-03-01,0.638339874998
counterparty_hhi_country,2024-03-01,2024-04-01,0.68262012937
counterparty_hhi_country,2024-04-01,2024-05-01,0.495722587542
counterparty_hhi_country,2024-05-01,2024-06-01,0.5335000603
counterparty_hhi_country,2024-06-01,2024-07-01,0.287267257967
counterparty_hhi_country,2024-07-01,2024-08-01,0.353876799088
counterparty_hhi_country,2024-08-01,2024-09-01,0.470693548732
counterparty_hhi_country,2024-09-01,2024-10-01,0.319318684333
counterparty_hhi_country,2024-10-01,2024-11-01,0.40698683145
counterparty_hhi_country,2024-11-01,2024-12-01,0.608742621051
effective_counterparties_terminal,2020-01-01,2020-02-01,0.664858302025
effective_counterparties_terminal,2020-02-01,2020-03-01,0.679454825313
effective_counterparties_terminal,2020-03-01,2020-04-01,0.689484139045
effective_counterparties_terminal,2020-04-01,2020-05-01,0.407841740747
effective_counterparties_terminal,2020-05-01,2020-06-01,0.566463382619
effective_counterparties_terminal,2020-06-01,2020-07-01,0.551515173944
effective_counterparties_terminal,2020-07-01,2020-08-01,0.585516733493
effective_counterparties_terminal,2020-08-01,2020-09-01,0.41149832626
effective_counterparties_terminal,2020-09-01,2020-10-01,0.451650071201
effective_counterparties_terminal,2020-10-01,2020-11-01,0.687173429753
effective_counterparties_terminal,2020-11-01,2020-12-01,0.682469083086
effective_counterparties_terminal,2020-12-01,2021-01-01,0.712667190243
effective_counterparties_terminal,2021-01-01,2021-02-01,0.679289855477
effective_counterparties_terminal,2021-02-01,2021-03-01,0.612878614177
effective_counterparties_terminal,2021-03-01,2021-04-01,0.621306908945
effective_counterparties_terminal,2021-04-01,2021-05-01,0.626868003428
effective_counterparties_terminal,2021-05-01,2021-06-01,0.611418554358
effective_counterparties_terminal,2021-06-01,2021-07-01,0.479973684629
effective_counterparties_terminal,2021-07-01,2021-08-01,0.698513126566
effective_counterparties_terminal,2021-08-01,2021-09-01,0.548612581906
effective_counterparties_terminal,2021-09-01,2021-10-01,0.641935580885
effective_counterparties_terminal,2021-10-01,2021-11-01,0.594146665538
effective_counterparties_terminal,2021-11-01,2021-12-01,0.745213272362
effective_counterparties_terminal,2021-12-01,2022-01-01,0.786814462334
effective_counterparties_terminal,2022-01-01,2022-02-01,0.600146781508
effective_counterparties_terminal,2022-02-01,2022-03-01,0.636837435384
effective_counterparties_terminal,2022-03-01,2022-04-01,0.683333369701
effective_counterparties_terminal,2022-04-01,2022-05-01,0.723008462661
effective_counterparties_terminal,2022-05-01,2022-06-01,0.604374335717
effective_counterparties_terminal,2022-06-01,2022-07-01,0.725773260772
effective_counterparties_terminal,2022-07-01,2022-08-01,0.782317538845
effective_counterparties_terminal,2022-08-01,2022-09-01,0.574683308962
effective_counterparties_terminal,2022-09-01,2022-10-01,0.737868788232
effective_counterparties_terminal,2022-10-01,2022-11-01,0.632480976184
effective_counterparties_terminal,2022-11-01,2022-12-01,0.638835563447
effective_counterparties_terminal,2022-12-01,2023-01-01,0.730690467512
effective_counterparties_terminal,2023-01-01,2023-02-01,0.709406217771
effective_counterparties_terminal,2023-02-01,2023-03-01,0.530460708649
effective_counterparties_terminal,2023-03-01,2023-04-01,0.543084450865
effective_counterparties_terminal,2023-04-01,2023-05-01,0.597728486561
effective_counterparties_terminal,2023-05-01,2023-06-01,0.631336990001
effective_counterparties_terminal,2023-06-01,2023-07-01,0.634998419301
effective_counterparties_terminal,2023-07-01,2023-08-01,0.608995323404
effective_counterparties_terminal,2023-08-01,2023-09-01,0.805527001237
effective_counterparties_terminal,2023-09-01,2023-10-01,0.748863372991
effective_counterparties_terminal,2023-10-01,2023-11-01,0.691141695661
effective_counterparties_terminal,2023-11-01,2023-12-01,0.710335560176
effective_counterparties_terminal,2023-12-01,2024-01-01,0.726902906957
effective_counterparties_terminal,2024-01-01,2024-02-01,0.573548975074
effective_counterparties_terminal,2024-02-01,2024-03-01,0.659178270913
effective_counterparties_terminal,2024-03-01,2024-04-01,0.722967941647
effective_counterparties_terminal,2024-04-01,2024-05-01,0.468633209124
effective_counterparties_terminal,2024-05-01,2024-06-01,0.451470435744
effective_counterparties_terminal,2024-06-01,2024-07-01,0.324132150735
effective_counterparties_terminal,2024-07-01,2024-08-01,0.452113437156
effective_counterparties_terminal,2024-08-01,2024-09-01,0.55342184155
effective_counterparties_terminal,2024-09-01,2024-10-01,0.470404283642
effective_counterparties_terminal,2024-10-01,2024-11-01,0.348330966164
effective_counterparties_terminal,2024-11-01,2024-12-01,0.636237968728
effective_counterparties_country,2020-01-01,2020-02-01,0.632735885638
effective_counterparties_country,2020-02-01,2020-03-01,0.70707847218
effective_counterparties_country,2020-03-01,2020-04-01,0.667617107943
effective_counterparties_country,2020-04-01,2020-05-01,0.356232124891
effective_counterparties_country,2020-05-01,2020-06-01,0.580381749851
effective_counterparties_country,2020-06-01,2020-07-01,0.544910630135
effective_counterparties_country,2020-07-01,2020-08-01,0.617089803549
effective_counterparties_country,2020-08-01,2020-09-01,0.239603690779
effective_counterparties_country,2020-09-01,2020-10-01,0.365834134903
effective_counterparties_country,2020-10-01,2020-11-01,0.501941340475
effective_counterparties_country,2020-11-01,2020-12-01,0.65488667885
effective_counterparties_country,2020-12-01,2021-01-01,0.627950191304
effective_counterparties_country,2021-01-01,2021-02-01,0.689650991822
effective_counterparties_country,2021-02-01,2021-03-01,0.512506384183
effective_counterparties_country,2021-03-01,2021-04-01,0.526993276719
effective_counterparties_country,2021-04-01,2021-05-01,0.561702576641
effective_counterparties_country,2021-05-01,2021-06-01,0.497136364581
effective_counterparties_country,2021-06-01,2021-07-01,0.428449860275
effective_counterparties_country,2021-07-01,2021-08-01,0.539060030634
effective_counterparties_country,2021-08-01,2021-09-01,0.540268947841
effective_counterparties_country,2021-09-01,2021-10-01,0.548854436014
effective_counterparties_country,2021-10-01,2021-11-01,0.589095752469
effective_counterparties_country,2021-11-01,2021-12-01,0.586822995979
effective_counterparties_country,2021-12-01,2022-01-01,0.586242737331
effective_counterparties_country,2022-01-01,2022-02-01,0.527630664391
effective_counterparties_country,2022-02-01,2022-03-01,0.628499093828
effective_counterparties_country,2022-03-01,2022-04-01,0.512800834813
effective_counterparties_country,2022-04-01,2022-05-01,0.61783166822
effective_counterparties_country,2022-05-01,2022-06-01,0.592641200941
effective_counterparties_country,2022-06-01,2022-07-01,0.536832202207
effective_counterparties_country,2022-07-01,2022-08-01,0.661716466957
effective_counterparties_country,2022-08-01,2022-09-01,0.522553597414
effective_counterparties_country,2022-09-01,2022-10-01,0.654712358747
effective_counterparties_country,2022-10-01,2022-11-01,0.544407547046
effective_counterparties_country,2022-11-01,2022-12-01,0.547320436591
effective_counterparties_country,2022-12-01,2023-01-01,0.582144737172
effective_counterparties_country,2023-01-01,2023-02-01,0.601575881002
effective_counterparties_country,2023-02-01,2023-03-01,0.498188235786
effective_counterparties_country,2023-03-01,2023-04-01,0.464402289078
effective_counterparties_country,2023-04-01,2023-05-01,0.573635333739
effective_counterparties_country,2023-05-01,2023-06-01,0.592674058263
effective_counterparties_country,2023-06-01,2023-07-01,0.682487820219
effective_counterparties_country,2023-07-01,2023-08-01,0.491701556629
effective_counterparties_country,2023-08-01,2023-09-01,0.771488795006
effective_counterparties_country,2023-09-01,2023-10-01,0.631963487155
effective_counterparties_country,2023-10-01,2023-11-01,0.616842442115
effective_counterparties_country,2023-11-01,2023-12-01,0.667733725673
effective_counterparties_country,2023-12-01,2024-01-01,0.68765215783
effective_counterparties_country,2024-01-01,2024-02-01,0.598300556316
effective_counterparties_country,2024-02-01,2024-03-01,0.638339874998
effective_counterparties_country,2024-03-01,2024-04-01,0.68262012937
effective_counterparties_country,2024-04-01,2024-05-01,0.495722587542
effective_counterparties_country,2024-05-01,2024-06-01,0.5335000603
effective_counterparties_country,2024-06-01,2024-07-01,0.287267257967
effective_counterparties_country,2024-07-01,2024-08-01,0.353876799088
effective_counterparties_country,2024-08-01,2024-09-01,0.470693548732
effective_counterparties_country,2024-09-01,2024-10-01,0.319318684333
effective_counterparties_country,2024-10-01,2024-11-01,0.40698683145
effective_counterparties_country,2024-11-01,2024-12-01,0.608742621051
max_dependence_generated,2020-01-01,2020-02-01,-0.199903184532
max_dependence_generated,2020-02-01,2020-03-01,0.084169761908
max_dependence_generated,2020-03-01,2020-04-01,0.622262773723
max_dependence_generated,2020-04-01,2020-05-01,-0.210752146679
max_dependence_generated,2020-05-01,2020-06-01,0.18275862069
max_dependence_generated,2020-06-01,2020-07-01,0.565395552819
max_dependence_generated,2020-07-01,2020-08-01,0.270021096222
max_dependence_generated,2020-08-01,2020-09-01,0.19315403423
max_dependence_generated,2020-09-01,2020-10-01,-0.15306122449
max_dependence_generated,2020-10-01,2020-11-01,0.731925054711
max_dependence_generated,2020-11-01,2020-12-01,0.201435425117
max_dependence_generated,2020-12-01,2021-01-01,0.500379196741
max_dependence_generated,2021-01-01,2021-02-01,0.45128212982
max_dependence_generated,2021-02-01,2021-03-01,0.418367346939
max_dependence_generated,2021-03-01,2021-04-01,0.0610681576175
max_dependence_generated,2021-04-01,2021-05-01,0.789473684211
max_dependence_generated,2021-05-01,2021-06-01,0.639240506329
max_dependence_generated,2021-06-01,2021-07-01,0.359925045921
max_dependence_generated,2021-07-01,2021-08-01,0.442885207122
max_dependence_generated,2021-08-01,2021-09-01,0.211619017802
max_dependence_generated,2021-09-01,2021-10-01,0.669620253165
max_dependence_generated,2021-10-01,2021-11-01,0.297130415875
max_dependence_generated,2021-11-01,2021-12-01,0.135295083233
max_dependence_generated,2021-12-01,2022-01-01,0.501280335381
max_dependence_generated,2022-01-01,2022-02-01,0.521721380962
max_dependence_generated,2022-02-01,2022-03-01,0.234958244213
max_dependence_generated,2022-03-01,2022-04-01,0.168495888667
max_dependence_generated,2022-04-01,2022-05-01,0.339840032738
max_dependence_generated,2022-05-01,2022-06-01,0.199722374705
max_dependence_generated,2022-06-01,2022-07-01,0.457286357285
max_dependence_generated,2022-07-01,2022-08-01,0.182574185835
max_dependence_generated,2022-08-01,2022-09-01,0.337203343226
max_dependence_generated,2022-09-01,2022-10-01,0.333489434751
max_dependence_generated,2022-10-01,2022-11-01,0.204588910134
max_dependence_generated,2022-11-01,2022-12-01,0.21191445922
max_dependence_generated,2022-12-01,2023-01-01,0.265871905907
max_dependence_generated,2023-01-01,2023-02-01,0.509859439275
max_dependence_generated,2023-02-01,2023-03-01,0.244791557993
max_dependence_generated,2023-03-01,2023-04-01,0.210931470595
max_dependence_generated,2023-04-01,2023-05-01,0.233553399606
max_dependence_generated,2023-05-01,2023-06-01,0.467434126276
max_dependence_generated,2023-06-01,2023-07-01,0.274691358025
max_dependence_generated,2023-07-01,2023-08-01,0.2617671346
max_dependence_generated,2023-08-01,2023-09-01,-0.00926772587581
max_dependence_generated,2023-09-01,2023-10-01,0.268312346476
max_dependence_generated,2023-10-01,2023-11-01,0.58587660175
max_dependence_generated,2023-11-01,2023-12-01,0.339607585667
max_dependence_generated,2023-12-01,2024-01-01,0.43544952172
max_dependence_generated,2024-01-01,2024-02-01,0.132940552241
max_dependence_generated,2024-02-01,2024-03-01,0.530587942666
max_dependence_generated,2024-03-01,2024-04-01,0.343888070692
max_dependence_generated,2024-04-01,2024-05-01,0.490566037736
max_dependence_generated,2024-05-01,2024-06-01,-0.326477737075
max_dependence_generated,2024-06-01,2024-07-01,-0.00943037684496
max_dependence_generated,2024-07-01,2024-08-01,0.238759995575
max_dependence_generated,2024-08-01,2024-09-01,0.416976807285
max_dependence_generated,2024-09-01,2024-10-01,-0.0160361219574
max_dependence_generated,2024-10-01,2024-11-01,0.0502134076991
max_dependence_generated,2024-11-01,2024-12-01,0.41100920343
weighted_dependence_generated,2020-01-01,2020-02-01,0.369458128079
weighted_dependence_generated,2020-02-01,2020-03-01,0.467118188057
weighted_dependence_generated,2020-03-01,2020-04-01,0.459338878682
weighted_dependence_generated,2020-04-01,2020-05-01,0.57268722467
weighted_dependence_generated,2020-05-01,2020-06-01,-0.257425898348
weighted_dependence_generated,2020-06-01,2020-07-01,0.428571428571
weighted_dependence_generated,2020-07-01,2020-08-01,-0.27433747678
weighted_dependence_generated,2020-08-01,2020-09-01,0.126245115921
weighted_dependence_generated,2020-09-01,2020-10-01,0.129033086892
weighted_dependence_generated,2020-10-01,2020-11-01,0.509838998211
weighted_dependence_generated,2020-11-01,2020-12-01,0.143498277257
weighted_dependence_generated,2020-12-01,2021-01-01,0.329160530191
weighted_dependence_generated,2021-01-01,2021-02-01,0.466300904563
weighted_dependence_generated,2021-02-01,2021-03-01,0.239649365077
weighted_dependence_generated,2021-03-01,2021-04-01,-0.0753353973168
weighted_dependence_generated,2021-04-01,2021-05-01,0.436542080826
weighted_dependence_generated,2021-05-01,2021-06-01,0.407081417157
weighted_dependence_generated,2021-06-01,2021-07-01,0.496675249421
weighted_dependence_generated,2021-07-01,2021-08-01,0.472406308908
weighted_dependence_generated,2021-08-01,2021-09-01,0.0529801467935
weighted_dependence_generated,2021-09-01,2021-10-01,0.684540040993
weighted_dependence_generated,2021-10-01,2021-11-01,0.501226993865
weighted_dependence_generated,2021-11-01,2021-12-01,0.516012396694
weighted_dependence_generated,2021-12-01,2022-01-01,0.469798720325
weighted_dependence_generated,2022-01-01,2022-02-01,0.344026267018
weighted_dependence_generated,2022-02-01,2022-03-01,0.314497263786
weighted_dependence_generated,2022-03-01,2022-04-01,0.395252837977
weighted_dependence_generated,2022-04-01,2022-05-01,0.426212590299
weighted_dependence_generated,2022-05-01,2022-06-01,0.403007518797
weighted_dependence_generated,2022-06-01,2022-07-01,0.255735256897
weighted_dependence_generated,2022-07-01,2022-08-01,0.00714517738237
weighted_dependence_generated,2022-08-01,2022-09-01,0.127272727273
weighted_dependence_generated,2022-09-01,2022-10-01,0.219706429851
weighted_dependence_generated,2022-10-01,2022-11-01,-0.110230643016
weighted_dependence_generated,2022-11-01,2022-12-01,0.294859120119
weighted_dependence_generated,2022-12-01,2023-01-01,0.190744920993
weighted_dependence_generated,2023-01-01,2023-02-01,0.518999702592
weighted_dependence_generated,2023-02-01,2023-03-01,0.208918792799
weighted_dependence_generated,2023-03-01,2023-04-01,0.226086956522
weighted_dependence_generated,2023-04-01,2023-05-01,0.292207792208
weighted_dependence_generated,2023-05-01,2023-06-01,0.390084810265
weighted_dependence_generated,2023-06-01,2023-07-01,0.287453801098
weighted_dependence_generated,2023-07-01,2023-08-01,0.375494071146
weighted_dependence_generated,2023-08-01,2023-09-01,-0.0592885375494
weighted_dependence_generated,2023-09-01,2023-10-01,0.415019762846
weighted_dependence_generated,2023-10-01,2023-11-01,0.331051009928
weighted_dependence_generated,2023-11-01,2023-12-01,0.359928838734
weighted_dependence_generated,2023-12-01,2024-01-01,0.363858363858
weighted_dependence_generated,2024-01-01,2024-02-01,-0.159951159951
weighted_dependence_generated,2024-02-01,2024-03-01,0.316293388107
weighted_dependence_generated,2024-03-01,2024-04-01,0.0842490842491
weighted_dependence_generated,2024-04-01,2024-05-01,0.462241665437
weighted_dependence_generated,2024-05-01,2024-06-01,-0.191049280152
weighted_dependence_generated,2024-06-01,2024-07-01,0.109268344685
weighted_dependence_generated,2024-07-01,2024-08-01,0.0572357995967
weighted_dependence_generated,2024-08-01,2024-09-01,0.100161414285
weighted_dependence_generated,2024-09-01,2024-10-01,0.0161455230506
weighted_dependence_generated,2024-10-01,2024-11-01,0.167355371901
weighted_dependence_generated,2024-11-01,2024-12-01,0.108983799705
country_terminal_dependence,2020-01-01,2020-02-01,0.853209121517
country_terminal_dependence,2020-02-01,2020-03-01,0.869075144509
country_terminal_dependence,2020-03-01,2020-04-01,0.875941587427
country_terminal_dependence,2020-04-01,2020-05-01,0.75575414182
country_terminal_dependence,2020-05-01,2020-06-01,0.826610832646
country_terminal_dependence,2020-06-01,2020-07-01,0.816801619433
country_terminal_dependence,2020-07-01,2020-08-01,0.838418972332
country_terminal_dependence,2020-08-01,2020-09-01,0.78574087863
country_terminal_dependence,2020-09-01,2020-10-01,0.768379235458
country_terminal_dependence,2020-10-01,2020-11-01,0.862315098221
country_terminal_dependence,2020-11-01,2020-12-01,0.893512365117
country_terminal_dependence,2020-12-01,2021-01-01,0.896221058913
country_terminal_dependence,2021-01-01,2021-02-01,0.724315235653
country_terminal_dependence,2021-02-01,2021-03-01,0.820556955564
country_terminal_dependence,2021-03-01,2021-04-01,0.82585622069
country_terminal_dependence,2021-04-01,2021-05-01,0.866346484207
country_terminal_dependence,2021-05-01,2021-06-01,0.888450073911
country_terminal_dependence,2021-06-01,2021-07-01,0.875205289385
country_terminal_dependence,2021-07-01,2021-08-01,0.895012582751
country_terminal_dependence,2021-08-01,2021-09-01,0.89325044405
country_terminal_dependence,2021-09-01,2021-10-01,0.881038560741
country_terminal_dependence,2021-10-01,2021-11-01,0.900993926008
country_terminal_dependence,2021-11-01,2021-12-01,0.904837470444
country_terminal_dependence,2021-12-01,2022-01-01,0.855371206911
country_terminal_dependence,2022-01-01,2022-02-01,0.837509188747
country_terminal_dependence,2022-02-01,2022-03-01,0.862810004126
country_terminal_dependence,2022-03-01,2022-04-01,0.803185712835
country_terminal_dependence,2022-04-01,2022-05-01,0.870240870241
country_terminal_dependence,2022-05-01,2022-06-01,0.855485287005
country_terminal_dependence,2022-06-01,2022-07-01,0.925312725661
country_terminal_dependence,2022-07-01,2022-08-01,0.892629071408
country_terminal_dependence,2022-08-01,2022-09-01,0.762432906953
country_terminal_dependence,2022-09-01,2022-10-01,0.76568773458
country_terminal_dependence,2022-10-01,2022-11-01,0.855954548308
country_terminal_dependence,2022-11-01,2022-12-01,0.888026607539
country_terminal_dependence,2022-12-01,2023-01-01,0.935409401272
country_terminal_dependence,2023-01-01,2023-02-01,0.811430969052
country_terminal_dependence,2023-02-01,2023-03-01,0.820506066571
country_terminal_dependence,2023-03-01,2023-04-01,0.860280353489
country_terminal_dependence,2023-04-01,2023-05-01,0.875207918537
country_terminal_dependence,2023-05-01,2023-06-01,0.889153396216
country_terminal_dependence,2023-06-01,2023-07-01,0.872793984895
country_terminal_dependence,2023-07-01,2023-08-01,0.805412317316
country_terminal_dependence,2023-08-01,2023-09-01,0.812662837453
country_terminal_dependence,2023-09-01,2023-10-01,0.785958985559
country_terminal_dependence,2023-10-01,2023-11-01,0.876193483477
country_terminal_dependence,2023-11-01,2023-12-01,0.768861177334
country_terminal_dependence,2023-12-01,2024-01-01,0.861996719367
country_terminal_dependence,2024-01-01,2024-02-01,0.834040536178
country_terminal_dependence,2024-02-01,2024-03-01,0.845798707398
country_terminal_dependence,2024-03-01,2024-04-01,0.867385240539
country_terminal_dependence,2024-04-01,2024-05-01,0.781154794779
country_terminal_dependence,2024-05-01,2024-06-01,0.890099718306
country_terminal_dependence,2024-06-01,2024-07-01,0.800579120195
country_terminal_dependence,2024-07-01,2024-08-01,0.825026764091
country_terminal_dependence,2024-08-01,2024-09-01,0.7351941846
country_terminal_dependence,2024-09-01,2024-10-01,0.766559496785
country_terminal_dependence,2024-10-01,2024-11-01,0.700957856413
country_terminal_dependence,2024-11-01,2024-12-01,0.574231594145
import_pagerank,2020-01-01,2020-02-01,0.772331711136
import_pagerank,2020-02-01,2020-03-01,0.785395196603
import_pagerank,2020-03-01,2020-04-01,0.839640491958
import_pagerank,2020-04-01,2020-05-01,0.791190389516
import_pagerank,2020-05-01,2020-06-01,0.711002235009
import_pagerank,2020-06-01,2020-07-01,0.691545741325
import_pagerank,2020-07-01,2020-08-01,0.791262258617
import_pagerank,2020-08-01,2020-09-01,0.730047604448
import_pagerank,2020-09-01,2020-10-01,0.695914618144
import_pagerank,2020-10-01,2020-11-01,0.814727118534
import_pagerank,2020-11-01,2020-12-01,0.764253090556
import_pagerank,2020-12-01,2021-01-01,0.863022318219
import_pagerank,2021-01-01,2021-02-01,0.831841107881
import_pagerank,2021-02-01,2021-03-01,0.752195121951
import_pagerank,2021-03-01,2021-04-01,0.847564112997
import_pagerank,2021-04-01,2021-05-01,0.757830446457
import_pagerank,2021-05-01,2021-06-01,0.661918547444
import_pagerank,2021-06-01,2021-07-01,0.709329330463
import_pagerank,2021-07-01,2021-08-01,0.790090486754
import_pagerank,2021-08-01,2021-09-01,0.755434782609
import_pagerank,2021-09-01,2021-10-01,0.812460078225
import_pagerank,2021-10-01,2021-11-01,0.826199286136
import_pagerank,2021-11-01,2021-12-01,0.798557720919
import_pagerank,2021-12-01,2022-01-01,0.809439899308
import_pagerank,2022-01-01,2022-02-01,0.71645648791
import_pagerank,2022-02-01,2022-03-01,0.752609064836
import_pagerank,2022-03-01,2022-04-01,0.771740221501
import_pagerank,2022-04-01,2022-05-01,0.844369758663
import_pagerank,2022-05-01,2022-06-01,0.822225117528
import_pagerank,2022-06-01,2022-07-01,0.824649484983
import_pagerank,2022-07-01,2022-08-01,0.861779885253
import_pagerank,2022-08-01,2022-09-01,0.801708590413
import_pagerank,2022-09-01,2022-10-01,0.781636103525
import_pagerank,2022-10-01,2022-11-01,0.840549743472
import_pagerank,2022-11-01,2022-12-01,0.854144417079
import_pagerank,2022-12-01,2023-01-01,0.869241830714
import_pagerank,2023-01-01,2023-02-01,0.871191267205
import_pagerank,2023-02-01,2023-03-01,0.802967032967
import_pagerank,2023-03-01,2023-04-01,0.78263937897
import_pagerank,2023-04-01,2023-05-01,0.771874787078
import_pagerank,2023-05-01,2023-06-01,0.798912539632
import_pagerank,2023-06-01,2023-07-01,0.839268896718
import_pagerank,2023-07-01,2023-08-01,0.800927783711
import_pagerank,2023-08-01,2023-09-01,0.864053267105
import_pagerank,2023-09-01,2023-10-01,0.779128504049
import_pagerank,2023-10-01,2023-11-01,0.821264071502
import_pagerank,2023-11-01,2023-12-01,0.858585031901
import_pagerank,2023-12-01,2024-01-01,0.799922975042
import_pagerank,2024-01-01,2024-02-01,0.769746315166
import_pagerank,2024-02-01,2024-03-01,0.815381324864
import_pagerank,2024-03-01,2024-04-01,0.760616040129
import_pagerank,2024-04-01,2024-05-01,0.725841050704
import_pagerank,2024-05-01,2024-06-01,0.762984860915
import_pagerank,2024-06-01,2024-07-01,0.810091795054
import_pagerank,2024-07-01,2024-08-01,0.783470756688
import_pagerank,2024-08-01,2024-09-01,0.753828328858
import_pagerank,2024-09-01,2024-10-01,0.82394143566
import_pagerank,2024-10-01,2024-11-01,0.909184726522
import_pagerank,2024-11-01,2024-12-01,0.859053107754
export_pagerank,2020-01-01,2020-02-01,0.992904144376
export_pagerank,2020-02-01,2020-03-01,0.976448556358
export_pagerank,2020-03-01,2020-04-01,0.986444212722
export_pagerank,2020-04-01,2020-05-01,0.969106195523
export_pagerank,2020-05-01,2020-06-01,0.985502121641
export_pagerank,2020-06-01,2020-07-01,0.990421268693
export_pagerank,2020-07-01,2020-08-01,0.979726181489
export_pagerank,2020-08-01,2020-09-01,0.961012807984
export_pagerank,2020-09-01,2020-10-01,0.985022849876
export_pagerank,2020-10-01,2020-11-01,0.987438939288
export_pagerank,2020-11-01,2020-12-01,0.984406238476
export_pagerank,2020-12-01,2021-01-01,0.993925588459
export_pagerank,2021-01-01,2021-02-01,0.985188435482
export_pagerank,2021-02-01,2021-03-01,0.992912594876
export_pagerank,2021-03-01,2021-04-01,0.988752167111
export_pagerank,2021-04-01,2021-05-01,0.996445196784
export_pagerank,2021-05-01,2021-06-01,0.993727915194
export_pagerank,2021-06-01,2021-07-01,0.989197000191
export_pagerank,2021-07-01,2021-08-01,0.9892899643
export_pagerank,2021-08-01,2021-09-01,0.984826589595
export_pagerank,2021-09-01,2021-10-01,0.99400898652
export_pagerank,2021-10-01,2021-11-01,0.995263979334
export_pagerank,2021-11-01,2021-12-01,0.99264450077
export_pagerank,2021-12-01,2022-01-01,0.994338768116
export_pagerank,2022-01-01,2022-02-01,0.992485177546
export_pagerank,2022-02-01,2022-03-01,0.989329306337
export_pagerank,2022-03-01,2022-04-01,0.991704805492
export_pagerank,2022-04-01,2022-05-01,0.988466291363
export_pagerank,2022-05-01,2022-06-01,0.983047131896
export_pagerank,2022-06-01,2022-07-01,0.990710767065
export_pagerank,2022-07-01,2022-08-01,0.985335269739
export_pagerank,2022-08-01,2022-09-01,0.987843343409
export_pagerank,2022-09-01,2022-10-01,0.990804735822
export_pagerank,2022-10-01,2022-11-01,0.98942176725
export_pagerank,2022-11-01,2022-12-01,0.985011757002
export_pagerank,2022-12-01,2023-01-01,0.981914144968
export_pagerank,2023-01-01,2023-02-01,0.99283742936
export_pagerank,2023-02-01,2023-03-01,0.988045357096
export_pagerank,2023-03-01,2023-04-01,0.99099026627
export_pagerank,2023-04-01,2023-05-01,0.994663046277
export_pagerank,2023-05-01,2023-06-01,0.987002634133
export_pagerank,2023-06-01,2023-07-01,0.979678108869
export_pagerank,2023-07-01,2023-08-01,0.977873350141
export_pagerank,2023-08-01,2023-09-01,0.985827384815
export_pagerank,2023-09-01,2023-10-01,0.994991105702
export_pagerank,2023-10-01,2023-11-01,0.993635855859
export_pagerank,2023-11-01,2023-12-01,0.990608834679
export_pagerank,2023-12-01,2024-01-01,0.993003010333
export_pagerank,2024-01-01,2024-02-01,0.986983538004
export_pagerank,2024-02-01,2024-03-01,0.993865123292
export_pagerank,2024-03-01,2024-04-01,0.985096328608
export_pagerank,2024-04-01,2024-05-01,0.983337860636
export_pagerank,2024-05-01,2024-06-01,0.967030297426
export_pagerank,2024-06-01,2024-07-01,0.946310333049
export_pagerank,2024-07-01,2024-08-01,0.974682399747
export_pagerank,2024-08-01,2024-09-01,0.979913864553
export_pagerank,2024-09-01,2024-10-01,0.956299595257
export_pagerank,2024-10-01,2024-11-01,0.945769576958
export_pagerank,2024-11-01,2024-12-01,0.970402904391
role_specific_pagerank,2020-01-01,2020-02-01,0.579459222299
role_specific_pagerank,2020-02-01,2020-03-01,0.539353187145
role_specific_pagerank,2020-03-01,2020-04-01,0.659015403201
role_specific_pagerank,2020-04-01,2020-05-01,0.417280383641
role_specific_pagerank,2020-05-01,2020-06-01,0.437270497558
role_specific_pagerank,2020-06-01,2020-07-01,0.53459972863
role_specific_pagerank,2020-07-01,2020-08-01,0.533378160178
role_specific_pagerank,2020-08-01,2020-09-01,0.373964237071
role_specific_pagerank,2020-09-01,2020-10-01,0.364366073989
role_specific_pagerank,2020-10-01,2020-11-01,0.73869267315
role_specific_pagerank,2020-11-01,2020-12-01,0.594671272871
role_specific_pagerank,2020-12-01,2021-01-01,0.742098030694
role_specific_pagerank,2021-01-01,2021-02-01,0.618585511653
role_specific_pagerank,2021-02-01,2021-03-01,0.681728075966
role_specific_pagerank,2021-03-01,2021-04-01,0.599911081085
role_specific_pagerank,2021-04-01,2021-05-01,0.656706946474
role_specific_pagerank,2021-05-01,2021-06-01,0.569842005608
role_specific_pagerank,2021-06-01,2021-07-01,0.57995137206
role_specific_pagerank,2021-07-01,2021-08-01,0.649470899778
role_specific_pagerank,2021-08-01,2021-09-01,0.559178117708
role_specific_pagerank,2021-09-01,2021-10-01,0.723593272919
role_specific_pagerank,2021-10-01,2021-11-01,0.650094708155
role_specific_pagerank,2021-11-01,2021-12-01,0.578347434394
role_specific_pagerank,2021-12-01,2022-01-01,0.646266731172
role_specific_pagerank,2022-01-01,2022-02-01,0.496441891039
role_specific_pagerank,2022-02-01,2022-03-01,0.57083130803
role_specific_pagerank,2022-03-01,2022-04-01,0.566372828623
role_specific_pagerank,2022-04-01,2022-05-01,0.603288370805
role_specific_pagerank,2022-05-01,2022-06-01,0.532611433057
role_specific_pagerank,2022-06-01,2022-07-01,0.626591621008
role_specific_pagerank,2022-07-01,2022-08-01,0.597592606583
role_specific_pagerank,2022-08-01,2022-09-01,0.558974358974
role_specific_pagerank,2022-09-01,2022-10-01,0.538943281684
role_specific_pagerank,2022-10-01,2022-11-01,0.604216526399
role_specific_pagerank,2022-11-01,2022-12-01,0.601384003623
role_specific_pagerank,2022-12-01,2023-01-01,0.68005952381
role_specific_pagerank,2023-01-01,2023-02-01,0.783379120879
role_specific_pagerank,2023-02-01,2023-03-01,0.542710859618
role_specific_pagerank,2023-03-01,2023-04-01,0.587969924812
role_specific_pagerank,2023-04-01,2023-05-01,0.575340437175
role_specific_pagerank,2023-05-01,2023-06-01,0.554327205526
role_specific_pagerank,2023-06-01,2023-07-01,0.56095577449
role_specific_pagerank,2023-07-01,2023-08-01,0.548489119269
role_specific_pagerank,2023-08-01,2023-09-01,0.680989048156
role_specific_pagerank,2023-09-01,2023-10-01,0.632779778957
role_specific_pagerank,2023-10-01,2023-11-01,0.655124921714
role_specific_pagerank,2023-11-01,2023-12-01,0.650412989092
role_specific_pagerank,2023-12-01,2024-01-01,0.605704652116
role_specific_pagerank,2024-01-01,2024-02-01,0.462769000244
role_specific_pagerank,2024-02-01,2024-03-01,0.62627571696
role_specific_pagerank,2024-03-01,2024-04-01,0.499228613736
role_specific_pagerank,2024-04-01,2024-05-01,0.465738264727
role_specific_pagerank,2024-05-01,2024-06-01,0.275635012985
role_specific_pagerank,2024-06-01,2024-07-01,0.247298400653
role_specific_pagerank,2024-07-01,2024-08-01,0.368759298123
role_specific_pagerank,2024-08-01,2024-09-01,0.379867853908
role_specific_pagerank,2024-09-01,2024-10-01,0.329000494014
role_specific_pagerank,2024-10-01,2024-11-01,0.453086883093
role_specific_pagerank,2024-11-01,2024-12-01,0.53381251539
role_specific_dependence,2020-01-01,2020-02-01,0.776141613862
role_specific_dependence,2020-02-01,2020-03-01,0.763540692064
role_specific_dependence,2020-03-01,2020-04-01,0.769647871831
role_specific_dependence,2020-04-01,2020-05-01,0.810822712033
role_specific_dependence,2020-05-01,2020-06-01,0.792902818125
role_specific_dependence,2020-06-01,2020-07-01,0.820130379572
role_specific_dependence,2020-07-01,2020-08-01,0.68704294492
role_specific_dependence,2020-08-01,2020-09-01,0.749941905902
role_specific_dependence,2020-09-01,2020-10-01,0.758668128547
role_specific_dependence,2020-10-01,2020-11-01,0.872435541741
role_specific_dependence,2020-11-01,2020-12-01,0.808958784967
role_specific_dependence,2020-12-01,2021-01-01,0.751136331447
role_specific_dependence,2021-01-01,2021-02-01,0.714706159785
role_specific_dependence,2021-02-01,2021-03-01,0.851422370732
role_specific_dependence,2021-03-01,2021-04-01,0.796838913436
role_specific_dependence,2021-04-01,2021-05-01,0.846624596356
role_specific_dependence,2021-05-01,2021-06-01,0.850345166876
role_specific_dependence,2021-06-01,2021-07-01,0.85977550574
role_specific_dependence,2021-07-01,2021-08-01,0.868768811934
role_specific_dependence,2021-08-01,2021-09-01,0.813796478037
role_specific_dependence,2021-09-01,2021-10-01,0.889646636779
role_specific_dependence,2021-10-01,2021-11-01,0.875267646525
role_specific_dependence,2021-11-01,2021-12-01,0.859517026956
role_specific_dependence,2021-12-01,2022-01-01,0.805336913137
role_specific_dependence,2022-01-01,2022-02-01,0.804703624216
role_specific_dependence,2022-02-01,2022-03-01,0.851798752198
role_specific_dependence,2022-03-01,2022-04-01,0.712277214819
role_specific_dependence,2022-04-01,2022-05-01,0.859970674487
role_specific_dependence,2022-05-01,2022-06-01,0.83621083316
role_specific_dependence,2022-06-01,2022-07-01,0.858966232037
role_specific_dependence,2022-07-01,2022-08-01,0.769236177531
role_specific_dependence,2022-08-01,2022-09-01,0.724116270105
role_specific_dependence,2022-09-01,2022-10-01,0.712987250582
role_specific_dependence,2022-10-01,2022-11-01,0.681048125087
role_specific_dependence,2022-11-01,2022-12-01,0.809907809908
role_specific_dependence,2022-12-01,2023-01-01,0.815970956825
role_specific_dependence,2023-01-01,2023-02-01,0.7850522013
role_specific_dependence,2023-02-01,2023-03-01,0.700275730054
role_specific_dependence,2023-03-01,2023-04-01,0.774711975735
role_specific_dependence,2023-04-01,2023-05-01,0.778772784681
role_specific_dependence,2023-05-01,2023-06-01,0.833078363856
role_specific_dependence,2023-06-01,2023-07-01,0.787287072964
role_specific_dependence,2023-07-01,2023-08-01,0.727808227808
role_specific_dependence,2023-08-01,2023-09-01,0.668333056496
role_specific_dependence,2023-09-01,2023-10-01,0.753595009313
role_specific_dependence,2023-10-01,2023-11-01,0.820684478655
role_specific_dependence,2023-11-01,2023-12-01,0.703055156853
role_specific_dependence,2023-12-01,2024-01-01,0.808246942971
role_specific_dependence,2024-01-01,2024-02-01,0.72537326507
role_specific_dependence,2024-02-01,2024-03-01,0.803240841193
role_specific_dependence,2024-03-01,2024-04-01,0.771388029253
role_specific_dependence,2024-04-01,2024-05-01,0.741178614228
role_specific_dependence,2024-05-01,2024-06-01,0.635016793772
role_specific_dependence,2024-06-01,2024-07-01,0.625166543301
role_specific_dependence,2024-07-01,2024-08-01,0.674383027501
role_specific_dependence,2024-08-01,2024-09-01,0.626532493494
role_specific_dependence,2024-09-01,2024-10-01,0.503065755301
role_specific_dependence,2024-10-01,2024-11-01,0.53828531715
role_specific_dependence,2024-11-01,2024-12-01,0.445275919752
