metric,previous_month,current_month,spearman_month_to_month
node_throughput,2020-01-01,2020-02-01,0.8560745691916074
node_throughput,2020-02-01,2020-03-01,0.8258279466952648
node_throughput,2020-03-01,2020-04-01,0.798101622344385
node_throughput,2020-04-01,2020-05-01,0.7906780936301004
node_throughput,2020-05-01,2020-06-01,0.749820137357027
node_throughput,2020-06-01,2020-07-01,0.7111107008438741
node_throughput,2020-07-01,2020-08-01,0.74890391253152
node_throughput,2020-08-01,2020-09-01,0.7228213731029667
node_throughput,2020-09-01,2020-10-01,0.8085522873042662
node_throughput,2020-10-01,2020-11-01,0.8179058761048447
node_throughput,2020-11-01,2020-12-01,0.7613607787225104
node_throughput,2020-12-01,2021-01-01,0.7882998340818906
node_throughput,2021-01-01,2021-02-01,0.7115571747210115
node_throughput,2021-02-01,2021-03-01,0.8025577596063691
node_throughput,2021-03-01,2021-04-01,0.8423050773044534
node_throughput,2021-04-01,2021-05-01,0.8319165193106068
node_throughput,2021-05-01,2021-06-01,0.79043969414286
node_throughput,2021-06-01,2021-07-01,0.8340512210103924
node_throughput,2021-07-01,2021-08-01,0.810819104844599
node_throughput,2021-08-01,2021-09-01,0.8026069171486956
node_throughput,2021-09-01,2021-10-01,0.8888909213136094
node_throughput,2021-10-01,2021-11-01,0.8506858378796067
node_throughput,2021-11-01,2021-12-01,0.8030795134095314
node_throughput,2021-12-01,2022-01-01,0.794651059350918
node_throughput,2022-01-01,2022-02-01,0.8202189223752567
node_throughput,2022-02-01,2022-03-01,0.8397674895689112
node_throughput,2022-03-01,2022-04-01,0.8595517703578228
node_throughput,2022-04-01,2022-05-01,0.853406429657882
node_throughput,2022-05-01,2022-06-01,0.8465883089893488
node_throughput,2022-06-01,2022-07-01,0.8370358177347721
node_throughput,2022-07-01,2022-08-01,0.8360454951960297
node_throughput,2022-08-01,2022-09-01,0.8380119902096098
node_throughput,2022-09-01,2022-10-01,0.8477727832450993
node_throughput,2022-10-01,2022-11-01,0.8642557977794335
node_throughput,2022-11-01,2022-12-01,0.8496526100338978
node_throughput,2022-12-01,2023-01-01,0.8556918027840149
node_throughput,2023-01-01,2023-02-01,0.8132545526768533
node_throughput,2023-02-01,2023-03-01,0.8147900603242169
node_throughput,2023-03-01,2023-04-01,0.8086846210593462
node_throughput,2023-04-01,2023-05-01,0.7946303748062464
node_throughput,2023-05-01,2023-06-01,0.843454768162349
node_throughput,2023-06-01,2023-07-01,0.7686203514905213
node_throughput,2023-07-01,2023-08-01,0.7763648898824307
node_throughput,2023-08-01,2023-09-01,0.8076119084424231
node_throughput,2023-09-01,2023-10-01,0.8124488897681054
node_throughput,2023-10-01,2023-11-01,0.8124501512930853
node_throughput,2023-11-01,2023-12-01,0.8220657513748106
node_throughput,2023-12-01,2024-01-01,0.811824898871297
node_throughput,2024-01-01,2024-02-01,0.8028655697575319
node_throughput,2024-02-01,2024-03-01,0.8326906771633245
node_throughput,2024-03-01,2024-04-01,0.822634493123811
node_throughput,2024-04-01,2024-05-01,0.7256558448542048
node_throughput,2024-05-01,2024-06-01,0.7295098423642843
node_throughput,2024-06-01,2024-07-01,0.6975502739132411
node_throughput,2024-07-01,2024-08-01,0.7338467949952723
node_throughput,2024-08-01,2024-09-01,0.6893844569011963
node_throughput,2024-09-01,2024-10-01,0.7495186829741016
node_throughput,2024-10-01,2024-11-01,0.6692970709045757
node_throughput,2024-11-01,2024-12-01,0.7187472598894331
total_voyages,2020-01-01,2020-02-01,0.8518063202063784
total_voyages,2020-02-01,2020-03-01,0.8252246434543281
total_voyages,2020-03-01,2020-04-01,0.7974895351942698
total_voyages,2020-04-01,2020-05-01,0.7832052477882412
total_voyages,2020-05-01,2020-06-01,0.7372257724941471
total_voyages,2020-06-01,2020-07-01,0.7109893165800314
total_voyages,2020-07-01,2020-08-01,0.7585780092831494
total_voyages,2020-08-01,2020-09-01,0.7354739583596013
total_voyages,2020-09-01,2020-10-01,0.8138081444491769
total_voyages,2020-10-01,2020-11-01,0.8178948462726126
total_voyages,2020-11-01,2020-12-01,0.7657663969541606
total_voyages,2020-12-01,2021-01-01,0.7786558871268184
total_voyages,2021-01-01,2021-02-01,0.7114893230487848
total_voyages,2021-02-01,2021-03-01,0.8139196989094312
total_voyages,2021-03-01,2021-04-01,0.8410020719725109
total_voyages,2021-04-01,2021-05-01,0.8352156616344308
total_voyages,2021-05-01,2021-06-01,0.8021548387296491
total_voyages,2021-06-01,2021-07-01,0.823530036524711
total_voyages,2021-07-01,2021-08-01,0.8042861828054682
total_voyages,2021-08-01,2021-09-01,0.8053505593345961
total_voyages,2021-09-01,2021-10-01,0.8887385198060429
total_voyages,2021-10-01,2021-11-01,0.8521320766263943
total_voyages,2021-11-01,2021-12-01,0.8121337048292422
total_voyages,2021-12-01,2022-01-01,0.7979400649436631
total_voyages,2022-01-01,2022-02-01,0.8308253031401268
total_voyages,2022-02-01,2022-03-01,0.8498143410008717
total_voyages,2022-03-01,2022-04-01,0.8636398607032754
total_voyages,2022-04-01,2022-05-01,0.855666624073445
total_voyages,2022-05-01,2022-06-01,0.848219577287992
total_voyages,2022-06-01,2022-07-01,0.8394280148788391
total_voyages,2022-07-01,2022-08-01,0.8412897369622407
total_voyages,2022-08-01,2022-09-01,0.8394325127814207
total_voyages,2022-09-01,2022-10-01,0.8452557441495226
total_voyages,2022-10-01,2022-11-01,0.8681575833857146
total_voyages,2022-11-01,2022-12-01,0.8527796123138782
total_voyages,2022-12-01,2023-01-01,0.8503168939338159
total_voyages,2023-01-01,2023-02-01,0.8177678072193613
total_voyages,2023-02-01,2023-03-01,0.8131240314103424
total_voyages,2023-03-01,2023-04-01,0.8099982219450836
total_voyages,2023-04-01,2023-05-01,0.7979830120567886
total_voyages,2023-05-01,2023-06-01,0.8492893614153
total_voyages,2023-06-01,2023-07-01,0.7834805739919135
total_voyages,2023-07-01,2023-08-01,0.7937267198925179
total_voyages,2023-08-01,2023-09-01,0.811043764777636
total_voyages,2023-09-01,2023-10-01,0.8293896728923568
total_voyages,2023-10-01,2023-11-01,0.8181730552503189
total_voyages,2023-11-01,2023-12-01,0.8239627508855825
total_voyages,2023-12-01,2024-01-01,0.8046494319378983
total_voyages,2024-01-01,2024-02-01,0.8011212054715977
total_voyages,2024-02-01,2024-03-01,0.8322041910465064
total_voyages,2024-03-01,2024-04-01,0.8177754144796567
total_voyages,2024-04-01,2024-05-01,0.726876498517475
total_voyages,2024-05-01,2024-06-01,0.7097642902483259
total_voyages,2024-06-01,2024-07-01,0.7085459168181784
total_voyages,2024-07-01,2024-08-01,0.7449464418048772
total_voyages,2024-08-01,2024-09-01,0.7103975007458758
total_voyages,2024-09-01,2024-10-01,0.7637022960730651
total_voyages,2024-10-01,2024-11-01,0.7051567063184287
total_voyages,2024-11-01,2024-12-01,0.7184529833160739
total_route_exposure,2020-01-01,2020-02-01,0.8477486750554424
total_route_exposure,2020-02-01,2020-03-01,0.8296655306329445
total_route_exposure,2020-03-01,2020-04-01,0.7842966785127053
total_route_exposure,2020-04-01,2020-05-01,0.7712689819351544
total_route_exposure,2020-05-01,2020-06-01,0.7288620343985849
total_route_exposure,2020-06-01,2020-07-01,0.7181398630201878
total_route_exposure,2020-07-01,2020-08-01,0.7400749085248427
total_route_exposure,2020-08-01,2020-09-01,0.7412648903683512
total_route_exposure,2020-09-01,2020-10-01,0.8068997293834699
total_route_exposure,2020-10-01,2020-11-01,0.8044909519705641
total_route_exposure,2020-11-01,2020-12-01,0.7458065342447324
total_route_exposure,2020-12-01,2021-01-01,0.7719160889112063
total_route_exposure,2021-01-01,2021-02-01,0.7031590438659195
total_route_exposure,2021-02-01,2021-03-01,0.8016578982944085
total_route_exposure,2021-03-01,2021-04-01,0.823183312711751
total_route_exposure,2021-04-01,2021-05-01,0.81370104967217
total_route_exposure,2021-05-01,2021-06-01,0.7921512772356377
total_route_exposure,2021-06-01,2021-07-01,0.8159119761405336
total_route_exposure,2021-07-01,2021-08-01,0.7991019109133258
total_route_exposure,2021-08-01,2021-09-01,0.7900521580413981
total_route_exposure,2021-09-01,2021-10-01,0.875756665604821
total_route_exposure,2021-10-01,2021-11-01,0.8398010376563808
total_route_exposure,2021-11-01,2021-12-01,0.8036354257424968
total_route_exposure,2021-12-01,2022-01-01,0.7826706618749898
total_route_exposure,2022-01-01,2022-02-01,0.8250368210032333
total_route_exposure,2022-02-01,2022-03-01,0.8323447815897824
total_route_exposure,2022-03-01,2022-04-01,0.8615013141520543
total_route_exposure,2022-04-01,2022-05-01,0.8445897286835189
total_route_exposure,2022-05-01,2022-06-01,0.8279098488144635
total_route_exposure,2022-06-01,2022-07-01,0.8429980727053272
total_route_exposure,2022-07-01,2022-08-01,0.8440943726651423
total_route_exposure,2022-08-01,2022-09-01,0.8299967673179489
total_route_exposure,2022-09-01,2022-10-01,0.8399775960742577
total_route_exposure,2022-10-01,2022-11-01,0.8545462631536911
total_route_exposure,2022-11-01,2022-12-01,0.8326273557861568
total_route_exposure,2022-12-01,2023-01-01,0.8358439538988879
total_route_exposure,2023-01-01,2023-02-01,0.812415328539561
total_route_exposure,2023-02-01,2023-03-01,0.8108958227680486
total_route_exposure,2023-03-01,2023-04-01,0.7872774339686105
total_route_exposure,2023-04-01,2023-05-01,0.7623893009137879
total_route_exposure,2023-05-01,2023-06-01,0.8351326553406282
total_route_exposure,2023-06-01,2023-07-01,0.7657589857093531
total_route_exposure,2023-07-01,2023-08-01,0.7705186034668966
total_route_exposure,2023-08-01,2023-09-01,0.8035303467558426
total_route_exposure,2023-09-01,2023-10-01,0.8075726140008688
total_route_exposure,2023-10-01,2023-11-01,0.8044951071236518
total_route_exposure,2023-11-01,2023-12-01,0.7924246767181728
total_route_exposure,2023-12-01,2024-01-01,0.7901487276255573
total_route_exposure,2024-01-01,2024-02-01,0.786646910373367
total_route_exposure,2024-02-01,2024-03-01,0.8219956983142438
total_route_exposure,2024-03-01,2024-04-01,0.80428478747938
total_route_exposure,2024-04-01,2024-05-01,0.7009708529055964
total_route_exposure,2024-05-01,2024-06-01,0.7194451990082044
total_route_exposure,2024-06-01,2024-07-01,0.6813320369135955
total_route_exposure,2024-07-01,2024-08-01,0.72435787572846
total_route_exposure,2024-08-01,2024-09-01,0.7141785606854705
total_route_exposure,2024-09-01,2024-10-01,0.7562986601495447
total_route_exposure,2024-10-01,2024-11-01,0.6814913957389829
total_route_exposure,2024-11-01,2024-12-01,0.707662893365459
total_degree,2020-01-01,2020-02-01,0.8442969641695557
total_degree,2020-02-01,2020-03-01,0.8261871387151882
total_degree,2020-03-01,2020-04-01,0.7855766943584134
total_degree,2020-04-01,2020-05-01,0.7639642872378813
total_degree,2020-05-01,2020-06-01,0.7325712110565451
total_degree,2020-06-01,2020-07-01,0.7006817101393444
total_degree,2020-07-01,2020-08-01,0.7371503038702778
total_degree,2020-08-01,2020-09-01,0.727901653109324
total_degree,2020-09-01,2020-10-01,0.8067213144638549
total_degree,2020-10-01,2020-11-01,0.7909823200443389
total_degree,2020-11-01,2020-12-01,0.7299677051074764
total_degree,2020-12-01,2021-01-01,0.762256649830976
total_degree,2021-01-01,2021-02-01,0.7284545339208703
total_degree,2021-02-01,2021-03-01,0.812694606956784
total_degree,2021-03-01,2021-04-01,0.7960252983487446
total_degree,2021-04-01,2021-05-01,0.7910080821789689
total_degree,2021-05-01,2021-06-01,0.778555578965828
total_degree,2021-06-01,2021-07-01,0.813402822318475
total_degree,2021-07-01,2021-08-01,0.7745392523435664
total_degree,2021-08-01,2021-09-01,0.7814912867699939
total_degree,2021-09-01,2021-10-01,0.8649952053848733
total_degree,2021-10-01,2021-11-01,0.8077113347596009
total_degree,2021-11-01,2021-12-01,0.7656390187445444
total_degree,2021-12-01,2022-01-01,0.7584081140580755
total_degree,2022-01-01,2022-02-01,0.8185639853427366
total_degree,2022-02-01,2022-03-01,0.8283471962316564
total_degree,2022-03-01,2022-04-01,0.8491335593050825
total_degree,2022-04-01,2022-05-01,0.839154393176847
total_degree,2022-05-01,2022-06-01,0.803961554300415
total_degree,2022-06-01,2022-07-01,0.8203297175735211
total_degree,2022-07-01,2022-08-01,0.8107571491672662
total_degree,2022-08-01,2022-09-01,0.8018662039974006
total_degree,2022-09-01,2022-10-01,0.8252426902261427
total_degree,2022-10-01,2022-11-01,0.8294695113107183
total_degree,2022-11-01,2022-12-01,0.8045917118229843
total_degree,2022-12-01,2023-01-01,0.7991607792942608
total_degree,2023-01-01,2023-02-01,0.8068617160744256
total_degree,2023-02-01,2023-03-01,0.7834383304824875
total_degree,2023-03-01,2023-04-01,0.754448988761108
total_degree,2023-04-01,2023-05-01,0.7351297214610577
total_degree,2023-05-01,2023-06-01,0.8114134879846091
total_degree,2023-06-01,2023-07-01,0.7242927844545838
total_degree,2023-07-01,2023-08-01,0.7633658149166813
total_degree,2023-08-01,2023-09-01,0.7428900638761883
total_degree,2023-09-01,2023-10-01,0.7900403774581877
total_degree,2023-10-01,2023-11-01,0.7655924957858284
total_degree,2023-11-01,2023-12-01,0.7739687844763482
total_degree,2023-12-01,2024-01-01,0.7558828958508872
total_degree,2024-01-01,2024-02-01,0.7498085718977627
total_degree,2024-02-01,2024-03-01,0.8046106562340974
total_degree,2024-03-01,2024-04-01,0.7759370503660951
total_degree,2024-04-01,2024-05-01,0.6988405773169313
total_degree,2024-05-01,2024-06-01,0.7237088115446427
total_degree,2024-06-01,2024-07-01,0.6524543419245188
total_degree,2024-07-01,2024-08-01,0.7294292712474051
total_degree,2024-08-01,2024-09-01,0.7296978109214388
total_degree,2024-09-01,2024-10-01,0.7651740028067571
total_degree,2024-10-01,2024-11-01,0.6703580537470093
total_degree,2024-11-01,2024-12-01,0.7012971799457582
total_strength,2020-01-01,2020-02-01,0.8593769962563775
total_strength,2020-02-01,2020-03-01,0.8339374087390561
total_strength,2020-03-01,2020-04-01,0.8052843283621212
total_strength,2020-04-01,2020-05-01,0.797837775138364
total_strength,2020-05-01,2020-06-01,0.7608465731733455
total_strength,2020-06-01,2020-07-01,0.7160996004913546
total_strength,2020-07-01,2020-08-01,0.7496741111890268
total_strength,2020-08-01,2020-09-01,0.7309394590003488
total_strength,2020-09-01,2020-10-01,0.8170862866386343
total_strength,2020-10-01,2020-11-01,0.8224018393940883
total_strength,2020-11-01,2020-12-01,0.7651186633892706
total_strength,2020-12-01,2021-01-01,0.7933557940629035
total_strength,2021-01-01,2021-02-01,0.735596377240807
total_strength,2021-02-01,2021-03-01,0.8169268669460413
total_strength,2021-03-01,2021-04-01,0.8383375149027861
total_strength,2021-04-01,2021-05-01,0.8313136828287537
total_strength,2021-05-01,2021-06-01,0.7976218149754384
total_strength,2021-06-01,2021-07-01,0.84316707026627
total_strength,2021-07-01,2021-08-01,0.8148319118354228
total_strength,2021-08-01,2021-09-01,0.8044422159127125
total_strength,2021-09-01,2021-10-01,0.890422037272387
total_strength,2021-10-01,2021-11-01,0.851989002774047
total_strength,2021-11-01,2021-12-01,0.8075445353830092
total_strength,2021-12-01,2022-01-01,0.7991790092670579
total_strength,2022-01-01,2022-02-01,0.8288056155339414
total_strength,2022-02-01,2022-03-01,0.8422292729511406
total_strength,2022-03-01,2022-04-01,0.8657355772341052
total_strength,2022-04-01,2022-05-01,0.861003148079794
total_strength,2022-05-01,2022-06-01,0.851040125756621
total_strength,2022-06-01,2022-07-01,0.8417187941004387
total_strength,2022-07-01,2022-08-01,0.8340391914743599
total_strength,2022-08-01,2022-09-01,0.8335530114050133
total_strength,2022-09-01,2022-10-01,0.852259110319621
total_strength,2022-10-01,2022-11-01,0.8653293207114242
total_strength,2022-11-01,2022-12-01,0.8528778107124039
total_strength,2022-12-01,2023-01-01,0.8586563119805806
total_strength,2023-01-01,2023-02-01,0.8238497692242608
total_strength,2023-02-01,2023-03-01,0.8210970983493163
total_strength,2023-03-01,2023-04-01,0.8094512876451503
total_strength,2023-04-01,2023-05-01,0.7973290551283245
total_strength,2023-05-01,2023-06-01,0.8496354044981864
total_strength,2023-06-01,2023-07-01,0.7665994689585656
total_strength,2023-07-01,2023-08-01,0.7833627694140376
total_strength,2023-08-01,2023-09-01,0.7986434113743841
total_strength,2023-09-01,2023-10-01,0.8124440905663712
total_strength,2023-10-01,2023-11-01,0.8110846911987029
total_strength,2023-11-01,2023-12-01,0.8235325100188355
total_strength,2023-12-01,2024-01-01,0.8083784671627221
total_strength,2024-01-01,2024-02-01,0.7985890721300508
total_strength,2024-02-01,2024-03-01,0.8315329606937389
total_strength,2024-03-01,2024-04-01,0.8221819197624043
total_strength,2024-04-01,2024-05-01,0.7296170523178614
total_strength,2024-05-01,2024-06-01,0.7338567995561645
total_strength,2024-06-01,2024-07-01,0.6926669338166499
total_strength,2024-07-01,2024-08-01,0.7414160105864565
total_strength,2024-08-01,2024-09-01,0.7029461303117709
total_strength,2024-09-01,2024-10-01,0.7608822469109006
total_strength,2024-10-01,2024-11-01,0.6817201174133463
total_strength,2024-11-01,2024-12-01,0.7311841284435942
betweenness,2020-01-01,2020-02-01,0.975114668534728
betweenness,2020-02-01,2020-03-01,0.9775546042814353
betweenness,2020-03-01,2020-04-01,0.9768571957284939
betweenness,2020-04-01,2020-05-01,0.9997289687943429
betweenness,2020-05-01,2020-06-01,0.9753237842371453
betweenness,2020-06-01,2020-07-01,0.8997212879072484
betweenness,2020-07-01,2020-08-01,0.9086563178737861
betweenness,2020-08-01,2020-09-01,0.9310683631324549
betweenness,2020-09-01,2020-10-01,0.998826601704616
betweenness,2020-10-01,2020-11-01,0.9775939471341544
betweenness,2020-11-01,2020-12-01,0.9559774642726273
betweenness,2020-12-01,2021-01-01,0.9539396800160951
betweenness,2021-01-01,2021-02-01,0.9718576984038674
betweenness,2021-02-01,2021-03-01,0.97792938500687
betweenness,2021-03-01,2021-04-01,0.9309989864404264
betweenness,2021-04-01,2021-05-01,0.9328261004123087
betweenness,2021-05-01,2021-06-01,0.9587546748642926
betweenness,2021-06-01,2021-07-01,0.9987468477380587
betweenness,2021-07-01,2021-08-01,0.9579596489930291
betweenness,2021-08-01,2021-09-01,0.9546460160112753
betweenness,2021-09-01,2021-10-01,0.9780900203468449
betweenness,2021-10-01,2021-11-01,0.9779216544141629
betweenness,2021-11-01,2021-12-01,0.9765346499118878
betweenness,2021-12-01,2022-01-01,0.9556935180949225
betweenness,2022-01-01,2022-02-01,0.9763644121989038
betweenness,2022-02-01,2022-03-01,0.9536506046170757
betweenness,2022-03-01,2022-04-01,0.9790448592952513
betweenness,2022-04-01,2022-05-01,0.9792946681951981
betweenness,2022-05-01,2022-06-01,0.9773022603475041
betweenness,2022-06-01,2022-07-01,0.9525554893039004
betweenness,2022-07-01,2022-08-01,0.9528695646628551
betweenness,2022-08-01,2022-09-01,0.954143476411321
betweenness,2022-09-01,2022-10-01,0.9578778203388404
betweenness,2022-10-01,2022-11-01,0.9592437898439218
betweenness,2022-11-01,2022-12-01,0.9577310795795226
betweenness,2022-12-01,2023-01-01,0.9781228510288534
betweenness,2023-01-01,2023-02-01,0.9991068170482864
betweenness,2023-02-01,2023-03-01,0.931053807415756
betweenness,2023-03-01,2023-04-01,0.9520247433199416
betweenness,2023-04-01,2023-05-01,0.9296604247236665
betweenness,2023-05-01,2023-06-01,0.9738432595229799
betweenness,2023-06-01,2023-07-01,0.9142191275800158
betweenness,2023-07-01,2023-08-01,0.9789791015505965
betweenness,2023-08-01,2023-09-01,0.9113472578520565
betweenness,2023-09-01,2023-10-01,0.930116061130468
betweenness,2023-10-01,2023-11-01,0.9582293858847839
betweenness,2023-11-01,2023-12-01,0.9790973371958315
betweenness,2023-12-01,2024-01-01,0.928213107602038
betweenness,2024-01-01,2024-02-01,0.9251408229658911
betweenness,2024-02-01,2024-03-01,0.9554419314011632
betweenness,2024-03-01,2024-04-01,0.92756204022985
betweenness,2024-04-01,2024-05-01,0.8995008282340814
betweenness,2024-05-01,2024-06-01,0.9223560367683465
betweenness,2024-06-01,2024-07-01,0.818399969679513
betweenness,2024-07-01,2024-08-01,0.9569957211845839
betweenness,2024-08-01,2024-09-01,0.9274940912895903
betweenness,2024-09-01,2024-10-01,0.9115052466491118
betweenness,2024-10-01,2024-11-01,0.8603392438303952
betweenness,2024-11-01,2024-12-01,0.8940201557255887
pagerank,2020-01-01,2020-02-01,0.8069207827196421
pagerank,2020-02-01,2020-03-01,0.7710955405734107
pagerank,2020-03-01,2020-04-01,0.7530435062467313
pagerank,2020-04-01,2020-05-01,0.7349309045825587
pagerank,2020-05-01,2020-06-01,0.6834681596395705
pagerank,2020-06-01,2020-07-01,0.6518027861564064
pagerank,2020-07-01,2020-08-01,0.7084370861777664
pagerank,2020-08-01,2020-09-01,0.6536091044204831
pagerank,2020-09-01,2020-10-01,0.7956321615005257
pagerank,2020-10-01,2020-11-01,0.7494034132223278
pagerank,2020-11-01,2020-12-01,0.6703307799721246
pagerank,2020-12-01,2021-01-01,0.6866334483179137
pagerank,2021-01-01,2021-02-01,0.6291928325633929
pagerank,2021-02-01,2021-03-01,0.76162896057331
pagerank,2021-03-01,2021-04-01,0.7689284759096601
pagerank,2021-04-01,2021-05-01,0.7691810055869246
pagerank,2021-05-01,2021-06-01,0.7578556470079552
pagerank,2021-06-01,2021-07-01,0.7748882053784747
pagerank,2021-07-01,2021-08-01,0.7374215138706353
pagerank,2021-08-01,2021-09-01,0.735397805196404
pagerank,2021-09-01,2021-10-01,0.8492869718674921
pagerank,2021-10-01,2021-11-01,0.7694130842911641
pagerank,2021-11-01,2021-12-01,0.7140453616459389
pagerank,2021-12-01,2022-01-01,0.6984286996675919
pagerank,2022-01-01,2022-02-01,0.7567142319004974
pagerank,2022-02-01,2022-03-01,0.781664920292241
pagerank,2022-03-01,2022-04-01,0.7890023758911295
pagerank,2022-04-01,2022-05-01,0.815001414130158
pagerank,2022-05-01,2022-06-01,0.781869627475565
pagerank,2022-06-01,2022-07-01,0.7648812524606087
pagerank,2022-07-01,2022-08-01,0.7526535065558528
pagerank,2022-08-01,2022-09-01,0.7636989123846666
pagerank,2022-09-01,2022-10-01,0.7539643399666226
pagerank,2022-10-01,2022-11-01,0.7615573898745126
pagerank,2022-11-01,2022-12-01,0.770128936244191
pagerank,2022-12-01,2023-01-01,0.7984910385198917
pagerank,2023-01-01,2023-02-01,0.7133329757602882
pagerank,2023-02-01,2023-03-01,0.7304417733550014
pagerank,2023-03-01,2023-04-01,0.6913394531436141
pagerank,2023-04-01,2023-05-01,0.7055938139423997
pagerank,2023-05-01,2023-06-01,0.8094895081627238
pagerank,2023-06-01,2023-07-01,0.678090172329809
pagerank,2023-07-01,2023-08-01,0.6964390930898834
pagerank,2023-08-01,2023-09-01,0.6971941550261597
pagerank,2023-09-01,2023-10-01,0.726040499086039
pagerank,2023-10-01,2023-11-01,0.7296798613968069
pagerank,2023-11-01,2023-12-01,0.6928460814493663
pagerank,2023-12-01,2024-01-01,0.7141042857406813
pagerank,2024-01-01,2024-02-01,0.6824025250154906
pagerank,2024-02-01,2024-03-01,0.766974395910042
pagerank,2024-03-01,2024-04-01,0.7281713620284098
pagerank,2024-04-01,2024-05-01,0.5939345021010081
pagerank,2024-05-01,2024-06-01,0.5959741522891204
pagerank,2024-06-01,2024-07-01,0.5488908927852189
pagerank,2024-07-01,2024-08-01,0.6461725306613791
pagerank,2024-08-01,2024-09-01,0.6057818307649209
pagerank,2024-09-01,2024-10-01,0.6466239685083873
pagerank,2024-10-01,2024-11-01,0.5892367350184714
pagerank,2024-11-01,2024-12-01,0.6227176918419799
eigenvector,2020-01-01,2020-02-01,
eigenvector,2020-02-01,2020-03-01,0.783727708292938
eigenvector,2020-03-01,2020-04-01,0.7848899007093375
eigenvector,2020-04-01,2020-05-01,0.7527933053498719
eigenvector,2020-05-01,2020-06-01,0.7010161552195737
eigenvector,2020-06-01,2020-07-01,0.6853115988463743
eigenvector,2020-07-01,2020-08-01,0.6979995756489212
eigenvector,2020-08-01,2020-09-01,0.6337633980111264
eigenvector,2020-09-01,2020-10-01,0.7155323283368248
eigenvector,2020-10-01,2020-11-01,0.7972471706019185
eigenvector,2020-11-01,2020-12-01,
eigenvector,2020-12-01,2021-01-01,
eigenvector,2021-01-01,2021-02-01,
eigenvector,2021-02-01,2021-03-01,
eigenvector,2021-03-01,2021-04-01,
eigenvector,2021-04-01,2021-05-01,
eigenvector,2021-05-01,2021-06-01,0.7155487107716353
eigenvector,2021-06-01,2021-07-01,0.774939820203123
eigenvector,2021-07-01,2021-08-01,0.7637472896789895
eigenvector,2021-08-01,2021-09-01,0.7196677797607586
eigenvector,2021-09-01,2021-10-01,0.8255790471662527
eigenvector,2021-10-01,2021-11-01,0.7610528452863158
eigenvector,2021-11-01,2021-12-01,
eigenvector,2021-12-01,2022-01-01,
eigenvector,2022-01-01,2022-02-01,
eigenvector,2022-02-01,2022-03-01,
eigenvector,2022-03-01,2022-04-01,0.7942002050982744
eigenvector,2022-04-01,2022-05-01,0.839206872579495
eigenvector,2022-05-01,2022-06-01,0.7639521838562094
eigenvector,2022-06-01,2022-07-01,0.7653946856865145
eigenvector,2022-07-01,2022-08-01,0.7843631883327278
eigenvector,2022-08-01,2022-09-01,0.7741792289487106
eigenvector,2022-09-01,2022-10-01,0.7741217389570829
eigenvector,2022-10-01,2022-11-01,0.7743034579260922
eigenvector,2022-11-01,2022-12-01,0.7783404983114575
eigenvector,2022-12-01,2023-01-01,0.7922983950212518
eigenvector,2023-01-01,2023-02-01,0.6991624270298227
eigenvector,2023-02-01,2023-03-01,0.7082493453033151
eigenvector,2023-03-01,2023-04-01,0.7435039872399263
eigenvector,2023-04-01,2023-05-01,0.6670078486932033
eigenvector,2023-05-01,2023-06-01,0.7437000897989832
eigenvector,2023-06-01,2023-07-01,0.6548647367336243
eigenvector,2023-07-01,2023-08-01,0.6659111712108763
eigenvector,2023-08-01,2023-09-01,0.6782760763589634
eigenvector,2023-09-01,2023-10-01,0.6998878945583373
eigenvector,2023-10-01,2023-11-01,0.748584389498799
eigenvector,2023-11-01,2023-12-01,0.7238466861584885
eigenvector,2023-12-01,2024-01-01,0.7280274723506142
eigenvector,2024-01-01,2024-02-01,0.7221794612674219
eigenvector,2024-02-01,2024-03-01,0.7472345844534823
eigenvector,2024-03-01,2024-04-01,0.7031666965059619
eigenvector,2024-04-01,2024-05-01,0.6737915634562026
eigenvector,2024-05-01,2024-06-01,0.7047473012181434
eigenvector,2024-06-01,2024-07-01,0.613794801604677
eigenvector,2024-07-01,2024-08-01,0.6387749341038811
eigenvector,2024-08-01,2024-09-01,0.635650009384137
eigenvector,2024-09-01,2024-10-01,0.6893775680160127
eigenvector,2024-10-01,2024-11-01,0.6517255290760378
eigenvector,2024-11-01,2024-12-01,0.7003262728840671
share_monthly_network_flow,2020-01-01,2020-02-01,0.8560745691916074
share_monthly_network_flow,2020-02-01,2020-03-01,0.8258279466952648
share_monthly_network_flow,2020-03-01,2020-04-01,0.798101622344385
share_monthly_network_flow,2020-04-01,2020-05-01,0.7906780936301004
share_monthly_network_flow,2020-05-01,2020-06-01,0.749820137357027
share_monthly_network_flow,2020-06-01,2020-07-01,0.7111107008438741
share_monthly_network_flow,2020-07-01,2020-08-01,0.74890391253152
share_monthly_network_flow,2020-08-01,2020-09-01,0.7228213731029667
share_monthly_network_flow,2020-09-01,2020-10-01,0.8085522873042662
share_monthly_network_flow,2020-10-01,2020-11-01,0.8179058761048447
share_monthly_network_flow,2020-11-01,2020-12-01,0.7613607787225104
share_monthly_network_flow,2020-12-01,2021-01-01,0.7882998340818906
share_monthly_network_flow,2021-01-01,2021-02-01,0.7115571747210115
share_monthly_network_flow,2021-02-01,2021-03-01,0.8025577596063691
share_monthly_network_flow,2021-03-01,2021-04-01,0.8423050773044534
share_monthly_network_flow,2021-04-01,2021-05-01,0.8319165193106068
share_monthly_network_flow,2021-05-01,2021-06-01,0.79043969414286
share_monthly_network_flow,2021-06-01,2021-07-01,0.8340512210103924
share_monthly_network_flow,2021-07-01,2021-08-01,0.810819104844599
share_monthly_network_flow,2021-08-01,2021-09-01,0.8026069171486956
share_monthly_network_flow,2021-09-01,2021-10-01,0.8888909213136094
share_monthly_network_flow,2021-10-01,2021-11-01,0.8506858378796067
share_monthly_network_flow,2021-11-01,2021-12-01,0.8030795134095314
share_monthly_network_flow,2021-12-01,2022-01-01,0.794651059350918
share_monthly_network_flow,2022-01-01,2022-02-01,0.8202189223752567
share_monthly_network_flow,2022-02-01,2022-03-01,0.8397674895689112
share_monthly_network_flow,2022-03-01,2022-04-01,0.8595517703578228
share_monthly_network_flow,2022-04-01,2022-05-01,0.853406429657882
share_monthly_network_flow,2022-05-01,2022-06-01,0.8465883089893488
share_monthly_network_flow,2022-06-01,2022-07-01,0.8370358177347721
share_monthly_network_flow,2022-07-01,2022-08-01,0.8360454951960297
share_monthly_network_flow,2022-08-01,2022-09-01,0.8380119902096098
share_monthly_network_flow,2022-09-01,2022-10-01,0.8477727832450993
share_monthly_network_flow,2022-10-01,2022-11-01,0.8642557977794335
share_monthly_network_flow,2022-11-01,2022-12-01,0.8496526100338978
share_monthly_network_flow,2022-12-01,2023-01-01,0.8556918027840149
share_monthly_network_flow,2023-01-01,2023-02-01,0.8132545526768533
share_monthly_network_flow,2023-02-01,2023-03-01,0.8147900603242169
share_monthly_network_flow,2023-03-01,2023-04-01,0.8086846210593462
share_monthly_network_flow,2023-04-01,2023-05-01,0.7946303748062464
share_monthly_network_flow,2023-05-01,2023-06-01,0.843454768162349
share_monthly_network_flow,2023-06-01,2023-07-01,0.7686203514905213
share_monthly_network_flow,2023-07-01,2023-08-01,0.7763648898824307
share_monthly_network_flow,2023-08-01,2023-09-01,0.8076119084424231
share_monthly_network_flow,2023-09-01,2023-10-01,0.8124488897681054
share_monthly_network_flow,2023-10-01,2023-11-01,0.8124501512930853
share_monthly_network_flow,2023-11-01,2023-12-01,0.8220657513748106
share_monthly_network_flow,2023-12-01,2024-01-01,0.811824898871297
share_monthly_network_flow,2024-01-01,2024-02-01,0.8028655697575319
share_monthly_network_flow,2024-02-01,2024-03-01,0.8326906771633245
share_monthly_network_flow,2024-03-01,2024-04-01,0.822634493123811
share_monthly_network_flow,2024-04-01,2024-05-01,0.7256558448542048
share_monthly_network_flow,2024-05-01,2024-06-01,0.7295098423642843
share_monthly_network_flow,2024-06-01,2024-07-01,0.6975502739132411
share_monthly_network_flow,2024-07-01,2024-08-01,0.7338467949952723
share_monthly_network_flow,2024-08-01,2024-09-01,0.6893844569011963
share_monthly_network_flow,2024-09-01,2024-10-01,0.7495186829741016
share_monthly_network_flow,2024-10-01,2024-11-01,0.6692970709045757
share_monthly_network_flow,2024-11-01,2024-12-01,0.7187472598894331
