period_month,terminal_role,terminal_months,terminals,total_throughput
2020-01-01,exporter,21,21,18341749
2020-01-01,importer,50,50,18341749
2020-01-01,inactive,88,88,0
2020-02-01,exporter,17,17,20101103
2020-02-01,importer,48,48,20101103
2020-02-01,inactive,94,94,0
2020-03-01,exporter,18,18,16365149
2020-03-01,importer,43,43,16365149
2020-03-01,inactive,98,98,0
2020-04-01,exporter,15,15,15672288
2020-04-01,importer,37,37,15672288
2020-04-01,inactive,107,107,0
2020-05-01,exporter,18,18,17691055
2020-05-01,importer,49,49,17691055
2020-05-01,inactive,92,92,0
2020-06-01,exporter,15,15,15935969
2020-06-01,importer,46,46,15935969
2020-06-01,inactive,98,98,0
2020-07-01,exporter,18,18,14032618
2020-07-01,importer,46,46,14032618
2020-07-01,inactive,95,95,0
2020-08-01,exporter,20,20,12811494
2020-08-01,importer,45,45,12811494
2020-08-01,inactive,94,94,0
2020-09-01,exporter,18,18,13121170
2020-09-01,importer,50,50,13121170
2020-09-01,inactive,91,91,0
2020-10-01,exporter,17,17,14742842
2020-10-01,importer,46,46,14742842
2020-10-01,inactive,96,96,0
2020-11-01,exporter,17,17,15600558
2020-11-01,importer,51,51,15600558
2020-11-01,inactive,91,91,0
2020-12-01,exporter,18,18,15393215
2020-12-01,importer,41,41,15393215
2020-12-01,inactive,100,100,0
2021-01-01,exporter,17,17,15205221
2021-01-01,importer,41,41,15205221
2021-01-01,inactive,101,101,0
2021-02-01,exporter,16,16,16052937
2021-02-01,importer,49,49,16052937
2021-02-01,inactive,94,94,0
2021-03-01,exporter,18,18,23603869
2021-03-01,importer,55,55,23603869
2021-03-01,inactive,86,86,0
2021-04-01,exporter,21,21,21461197
2021-04-01,importer,50,50,21461197
2021-04-01,inactive,88,88,0
2021-05-01,exporter,18,18,23536873
2021-05-01,importer,57,57,23536873
2021-05-01,inactive,84,84,0
2021-06-01,exporter,21,21,19945199
2021-06-01,importer,54,54,19945199
2021-06-01,inactive,84,84,0
2021-07-01,exporter,17,17,21553563
2021-07-01,importer,58,58,21553563
2021-07-01,inactive,84,84,0
2021-08-01,exporter,20,20,18743284
2021-08-01,importer,53,53,18743284
2021-08-01,inactive,86,86,0
2021-09-01,exporter,18,18,22754895
2021-09-01,importer,54,54,22754895
2021-09-01,inactive,87,87,0
2021-10-01,exporter,17,17,25028568
2021-10-01,importer,49,49,25028568
2021-10-01,inactive,93,93,0
2021-11-01,exporter,20,20,19890498
2021-11-01,importer,53,53,19890498
2021-11-01,inactive,86,86,0
2021-12-01,exporter,22,22,24988095
2021-12-01,importer,51,51,24988095
2021-12-01,inactive,86,86,0
2022-01-01,exporter,20,20,24941809
2022-01-01,importer,47,47,24941809
2022-01-01,inactive,92,92,0
2022-02-01,exporter,19,19,20839538
2022-02-01,importer,48,48,20839538
2022-02-01,inactive,92,92,0
2022-03-01,exporter,20,20,28304905
2022-03-01,importer,52,52,28304905
2022-03-01,inactive,87,87,0
2022-04-01,exporter,19,19,28831590
2022-04-01,importer,47,47,28831590
2022-04-01,inactive,93,93,0
2022-05-01,exporter,23,23,28142410
2022-05-01,importer,50,50,28142410
2022-05-01,inactive,86,86,0
2022-06-01,exporter,24,24,25938850
2022-06-01,importer,57,57,25938850
2022-06-01,inactive,78,78,0
2022-07-01,exporter,22,22,27009602
2022-07-01,importer,54,54,27009602
2022-07-01,inactive,83,83,0
2022-08-01,exporter,21,21,26649106
2022-08-01,importer,56,56,26649106
2022-08-01,inactive,82,82,0
2022-09-01,exporter,23,23,23732136
2022-09-01,importer,55,55,23732136
2022-09-01,inactive,81,81,0
2022-10-01,exporter,23,23,28378578
2022-10-01,importer,60,60,28378578
2022-10-01,inactive,76,76,0
2022-11-01,exporter,24,24,28700253
2022-11-01,importer,56,56,28700253
2022-11-01,inactive,79,79,0
2022-12-01,exporter,24,24,29069060
2022-12-01,importer,54,54,29069060
2022-12-01,inactive,81,81,0
2023-01-01,exporter,22,22,28268092
2023-01-01,importer,54,54,28268092
2023-01-01,inactive,83,83,0
2023-02-01,exporter,28,28,32137959
2023-02-01,importer,62,62,32137959
2023-02-01,inactive,69,69,0
2023-03-01,exporter,29,29,36087484
2023-03-01,importer,66,66,36087484
2023-03-01,inactive,64,64,0
2023-04-01,exporter,25,25,33706754
2023-04-01,importer,69,69,33706754
2023-04-01,inactive,65,65,0
2023-05-01,exporter,27,27,34903525
2023-05-01,importer,69,69,34903525
2023-05-01,inactive,63,63,0
2023-06-01,exporter,27,27,30845426
2023-06-01,importer,64,64,30845426
2023-06-01,inactive,68,68,0
2023-07-01,exporter,26,26,30129450
2023-07-01,importer,63,63,30129450
2023-07-01,inactive,70,70,0
2023-08-01,exporter,23,23,28552337
2023-08-01,importer,59,59,28552337
2023-08-01,inactive,77,77,0
2023-09-01,exporter,27,27,31048066
2023-09-01,importer,64,64,31048066
2023-09-01,inactive,68,68,0
2023-10-01,exporter,26,26,37732437
2023-10-01,importer,67,67,37732437
2023-10-01,inactive,66,66,0
2023-11-01,exporter,31,31,33538215
2023-11-01,importer,69,69,33538215
2023-11-01,inactive,59,59,0
2023-12-01,exporter,28,28,38768381
2023-12-01,importer,77,77,38768381
2023-12-01,inactive,54,54,0
2024-01-01,exporter,29,29,35284545
2024-01-01,importer,73,73,35284545
2024-01-01,inactive,57,57,0
2024-02-01,exporter,29,29,34566584
2024-02-01,importer,69,69,34566584
2024-02-01,inactive,61,61,0
2024-03-01,exporter,28,28,33211928
2024-03-01,importer,68,68,33211928
2024-03-01,inactive,63,63,0
2024-04-01,exporter,31,31,31834679
2024-04-01,importer,69,69,31834679
2024-04-01,inactive,59,59,0
2024-05-01,exporter,24,24,24579945
2024-05-01,importer,58,58,24579945
2024-05-01,inactive,77,77,0
2024-06-01,exporter,24,24,18831260
2024-06-01,importer,42,42,18831260
2024-06-01,inactive,93,93,0
2024-07-01,exporter,27,27,20891007
2024-07-01,importer,48,48,20891007
2024-07-01,inactive,84,84,0
2024-08-01,exporter,24,24,19815927
2024-08-01,importer,53,53,19815927
2024-08-01,inactive,82,82,0
2024-09-01,exporter,22,22,18591492
2024-09-01,importer,45,45,18591492
2024-09-01,inactive,92,92,0
2024-10-01,exporter,24,24,18973395
2024-10-01,importer,42,42,18973395
2024-10-01,inactive,93,93,0
2024-11-01,exporter,20,20,11479472
2024-11-01,importer,32,32,11479472
2024-11-01,inactive,107,107,0
2024-12-01,exporter,18,18,14334265
2024-12-01,importer,40,40,14334265
2024-12-01,inactive,101,101,0
